Roots,Thread,Measure 1,Measure 2,Measure 3,Measure 4,Measure 5,Measure 6,Measure 7,Measure 8,Measure 9,Measure 10,Keyword,Keyword,Keyword,Keyword,Keyword
وفى - وفي,"According to Ibn Faris (Maqayis al-Lughah), the defective root و-ف-ي (W-F-Y) revolves around a central core concept: completeness, abundance, reaching full measure, or total fulfillment without deficit.","1.) ""To fulfill (a promise) / to keep (a commitment)"" -- Delivering a action in full measure so that nothing of the pledge remains unfulfilled.","2.) Causative: ""To pay in full, compensate completely, or satisfy"" -- Intensively causing someone to receive a full measure of payment or reward without keeping back any portion.",X,"4.) Intensive: ""To fulfill, to honor (a commitment or measure)."" -- in relation to m.1, this is formal execution of honoring a pact or obligation to its limit.","5.) Negative: ""To pass away, die"" -- entering the state of one's life being completely filled; to have one's span completed.",X,X,X,X,"10.) Benefactive: ""He exacted / collected / received in full [what was owed to him]."" -- Inward (Taking/Receiving); the beneficiary is The agent themselves (the one collecting); To claim/absorb a right completely.",Keyword: وَفَاة = Death or demise -- Denotes the full completion of an individual's earthly lifetime.,,,,
جزر,"It comes from جَزَرَ الْجَزُور (slaughtering and carving up a camel or livestock) && جَزْرُ الْبَحْر (the low tide where sea waters pull back, severing connection to the shoreline and exposing the seabed)","1.) Contextual: ""Ebb / Recede (Common)"" or ""To Slaughter (Rare)"" -- you will see it like: جَزَرَ البَحْرُ (The sea receded / the tide went out); but for slaughted IRL people use verbs like ذَبَحَ or نَحَرَ ",X,X,X,X,X,X,X,X,X,"Keyword: جَزِيرَة = Island -- Land that has been ""severed"" or cut off from the mainland by surrounding water.",Keyword: مَجْزَرَة = Slaughterhouse or massacre (Noun of Place) -- A location where slaughtering takes place,Keyword: جَزَر = carrot -- note: this is a loan word!!,,
سبق,"getting ahead of something in time, space, or sequence","1.) ""to precede / antecede / anticipate""","2.) Causative: ""to cause something to preceed / to cause something to be done prematureley""","3.) Asymmetrical: ""to compete with / race against"" -- vying against another person in an attempt to precede them",X,X,"6.) Symmetrical: ""to compete / race"" -- a whole group competing together",X,"8.) Benefactive: ""to hasten / hurry / push forward / compete / race"" -- eagerly beating others for your own gain, Hans says VIII = VI",X,X,"Keyword: سَابِق = previous, former -- In ancient Arabic horse racing, the horse that finished first was  السَّابِق (""the outpacer"") -- in short: ""previous"" was running ahead of you in time and crossed the line first.","Keyword: سَبَق = Prize / Stakes -- In early Arabian culture, horse and camel races were heavily tied to stakes. Before the race, the prizes would be placed at the finish line.",,,
غرم,"It stems from a heavy, inescapable burden or attachment that one cannot easily shake off—hence why intense, obsessive love (gharām) and severe financial penalties or debts (gharāmah) share the same root.","1.) ""to suffer a financial loss or to incur a debt"" -- Direct manifestation of being bound to a financial loss or obligation.","2.) Causative: ""To fine someone; to impose a penalty on"" -- Imposing an obligatory financial burden or debt upon another party.",X,"4.) Contextual: ""to fall madly in love with (a person, hobby, etc); or to force a debt"" -- While m.4 active (أَغْرَمَ - to force a debt) is practically dead, its passive form (أُغْرِمَ بِـ) is exceptionally common IRL","5.) Rare: ""to reluctantly take a fine or financial loss upon oneself"" -- While grammatically valid, native speakers IRL tend to use phrasing like تَحَمَّلَ الغَرَامَةَ (taḥammala al-garāmah - ""he bore the fine"")",X,X,X,X,X,"Keyword: غَرَام = Deep love, infatuation, or passion -- reflects the psychological aspect of the root—being bound or held captive by an inescapable emotion.","Keyword: غَرِيم = Creditor, debtor, or rival/adversary -- An asymmetrical term denoting someone with whom you have a binding financial or personal dispute/obligation.",,,
غني,"sufficiency, fullness, and not needing anything external","1.) ""To be wealthy; to be free from want"" -- Direct state of possessing enough resources to be self-sufficient and independent (In modern MSA, the verb form itself is actually quite rare in speech.)","2.) Denominative: ""To sing, chant, or express in song"" -- Auditory expression of contentment, emotion, or self-contained artistic beauty.",X,"4.) Causative: ""to enrich / satisfy"" -- Transitively providing enough value or wealth so that a person no longer lacks or needs another.",X,X,X,"8.) Reflexive: ""To become rich; to enrich oneself (bi-)"" -- Active internal acquisition of wealth; compared to m.1, carries a reflexive meaning of earning or acquiring wealth through active effort or a specific event.",X,"10.) Declarative: ""To dispense with / lay off (عَنْ)"" -- Since the root core is ""wealth/sufficiency,"" when you lay off an employee or drop a service, you are declaring that you no longer need them.","Keyword: لا غنى عنه = indispensable (phrase) -- In this context, ghinā refers to the state of being able to do without something because you are already satisfied; the literal phrasing is: ""There is no doing without it.""",,,,
عدد,"reckoning, quantifying, and accounting for items sequentially","1.) ""to count / consider / deem"" "," 2.) Intensive: ""to enumerate / count"" -- you aren't just counting a total; you are systematically naming and listing a whole series of items one by one (enumerating).",X,"4.) Causative: ""to prepare / make ready"" causing the quantity to be available","5.) Reflexive: ""to be numerous"" -- the subject itself multiplying ",X,X,"8.) Reflexive: ""to consider / deem"" -- giving personal weight/reckoning to an idea",X,"10.) Reflexive: of m.4, ""get ready"" or ""be prepared"" is to make yourself numbered, accounted for, and structurally organized among the things that are set to go.",,,,,
شهد,"From the notion of being an eyewitness on the scene, the root expanded into legal testimony (shahādah), martyrdom/ultimate sacrifice (istishhād—bearing ultimate witness with one's life), etc","1.) ""To witness, attest to, testify, or experience"" -- The foundational act of physically being present or testifying to a truth.",X,"3.) Asymmetrical: ""To watch, view, observe, or inspect"" -- Active, deliberate visual engagement and observation of an event or media.","4.) Causative: ""To call as a witness"" -- Actively bringing a third party to attest",X,X,X,X,X,"10.) Contextual: ""To Cite + بِـ (Active)"" or ""To be Martyred + فِي / إِثْرَ (Passive)"" -- a text/witness ""bears witness"" to your argument; or someone was called upon by God to bear the ultimate witness to their faith.","Keyword: شَهَادَة = diploma, certificate, or Islamic declaration of faith -- A formal written or spoken affirmation of a verified fact or qualification.",,,,
نفس,"Its concrete physical origin stems from تنَفُّس (tanaffus)—the rhythmic expanding of the chest to draw in air (nafas), which is a fundamental biological mechanism of life.","1.) ""To be precious / stingy "" -- Regarding something as so precious (nafīs) that one desires it for oneself.","2.) Causative: "" To vent, relieve, or let off steam"" -- causing something to have breathing room; common idiomatic verb used when someone expresses pent-up anger","3.) Asymmetrical: ""To compete with, vie for, or contest (fī)"" -- Striving side-by-side with another to claim a rare or precious (nafīs) prize.",X,"5.) Reflexive: ""To breathe, inhale, or exhale"" -- Direct execution of taking air into the lungs and exhaling it; used both literally and metaphorically (e.g., ""to breathe a sigh of relief"" or ""the city breathes"").","6.) Symmetrical: ""To compete with one another"" -- Mutual effort among multiple parties reaching for the same desired goal.",X,X,X,X,"Keyword: نَفْس = Self, soul, psyche, or individual -- The core noun representing the living, breathing human entity and inner mind && عِلْمُ النَّفْس = Psychology -- Literally ""the science of the self/psyche.""","Keyword: مُنَافَسَة = Competition, rivalry, or contest (Verbal Noun, Measure III) -- The structured act of competing for a desired outcome.",,,
وضع,"According to Ibn Faris (Maqayis al-Lughah), this centers on a single primary semantic axis: lowering, placing, setting down, or depositing something from a higher position to a lower one.","1.) Contextual: ""To Put / Place / Create"" -- Direct physical placement of an object (contextual example: وَضَعَتْ مَوْلُودَهَا (literally: ""she placed her newborn""))",X,X,X,X,"6.) State: ""to be modest / be humble"" -- Reflexively lowering one's self-estimation or social stance before others; note: compared to m.8, This is the standard for being humble, modest, or down-to-earth",X,"8.) Reflexive: ""To become low / humble"" -- compared to m.6, this is negative. In Arabic Bibles, you may see  اِتَّضَعَ as ""humbling oneself before God."" But in MSA, it carries a negative connotation of subservience.",X,X,Keyword: مَوْضُوعِيَّة = Objectivity -- Abstract noun reflecting a mindset anchored strictly in the laid-out facts without subjective bias.,,,,
هوى,The core concept has two sides: falling downward through space && falling head-over-heels in love/desire (Think of it as a physical drop versus an emotional drop),"1.) Contextual: ""To Fall / Plunge (Physical)"" or ""To Love / Desire (Emotional)""","2.) Denominative: ""To Ventilate / Air Out"" -- here Form II has absolutely no semantic connection to gravity, dropping, or romance. Its meaning is strictly tied to gas, drafts, and atmosphere.",X,"4.) Causative: ""To Topple / Bring Down"" -- This is the causative version of the physical ""fall."" It means to make something drop, or to strike a blow that brings someone down.","5.) Reflexive-2: ""To take fresh air; to be ventilated"" -- Exposing oneself to open air or refreshing an enclosed space.","6.) Intensive: ""To collapse, crumble, or fall apart"" -- Sequential or systemic downfall where structures or institutions collapse into ruins.",X,X,X,X,"Keyword: هَوَاء = Air, atmosphere, or weather -- The physical void/space between heaven and earth through which things fall.",Keyword: هَاوِيَة = Abyss (Noun of Place/Feminine Active Participle) -- The deep void into which objects fall; also used canonically as a name for Hellfire.,"Keyword: هِوَايَة = Hobby --  favored activity toward which one's inclines naturally because they ""fell in love"" with it",,
جوب,"The core imagery is hollowing/cutting through a physical barrier or terrain (ex. An answer جَوَاب can be seen as ""Cutting"" through a question with a clear answer)","1.) ""to explore / traverse"" -- poetically seen as cutting across vast terrain or waters",X,"3.) Denominative: ""To exchange answers, converse, or correspond with someone."" -- built off the noun jawāb, rather than m.1; Person A responding to Person B.","4.) Resultative: ""To answer, respond to"" -- in relation to m.3, this m.4 is a one-way action (ex. you answer a question, a test, or a call) -- the focus here is strictly on the delivery of the answer itself.",X,"6.) Symmetrical: ""to respond, to reply, or to cooperate/harmonize with"" -- instead of ""Person A responding to Person B,"" m.6 is mutual responsiveness/harmony","7.) Passive: ""to clear away, to disperse, or to fade (said of clouds, darkness, or distress)."" -- passive of the m.1 core imagery",X,X,"10.) Reflexive-4: ""to respond, to answer, or to comply with a request, call, or prayer"" -- in relation to m.3 and m.4, this carries a deeper meaning of acceptance, approval, and action.",,,,,
جمع,"According to Ibn Faris (Maqayis al-Lughah), the sound root ج-م-ع (J-M-ʿ) revolves around a single primary semantic axis: bringing separate, scattered items together into a unified whole, cluster, or total.","1.) ""To Collect / Gather / Add Up"" -- The baseline physical or mental act of pulling separate items into one place. Example: In math (Addition): جَمَعَ خَمْسَةً وَخَمْسَةً  ""He added five and five""","2.) Intensive: ""To amass, accumulate, or assemble (parts)"" -- Intensive, systematic gathering of items or putting together mechanical components.","3.) Asymmetrical: ""To engage in sexual intercourse with"" -- Bringing two individuals into intimate physical union.","4.) Incohative: ""To Agree Unanimously On"" -- While m.1 means to physically gather individual items one by one, m.4 means to bring things to a state of absolute wholeness, completion, or totality.","5.) Mutual: ""To Gather Together / Assemble (Intransitive)"" -- The active self-assembly of people or particles in one space.",X,X,"8.) Benefactive: ""To meet, convene, or confer (bi-)"" -- They have actively brought themselves together to achieve a purpose, resolve a problem, or consult for their own collective interest/benefit",X,"10.) Reflexive: ""To Muster / Summon Up (Strength/Courage)"" -- your energy was scattered, so you had to consciously force your internal ""self"" back into a unified, focused block to face a challenge.",Keyword: جَامِعَة = University -- the place which gathers knowledge/scholars; a comprehensive institution bringing faculties together.,"Note: Textbooks love to pitch this as a beginner-level root because “it just means to gather!” But after m.2, the shifts in each measure become highly nuanced and atypical compared to standard grammar charts.",,,
حيي,"It revolves around the core concept of life, vitality, and consciousness. Classical lexicographers also link it to modesty (a lack of shame reflects moral or spiritual lifelessness)",X,"2.) Denominative: ""To greet, to pay tribute to, to salute"" -- you are not ""making someone alive"" (which is the job of Form IV, aḥyā). Instead, you are bestowing a specific phrase or noun upon them.",X,"4.) Causative: ""To revive, to commemorate, to host (e.g., a concert/event)"" -- Bringing something to life, whether reviving a person/culture or ""giving life"" to an evening.",X,X,X,X,X,"10.) Reflexive: ""To feel shy, to be embarrassed, to feel ashamed"" -- The subject internalizes the abstract root and manifests it as an intense personal experience (shyness).","Keyword: حَيّ = Neighborhood -- conceptually an area filled with ""living people"" or a vibrant community hub.","Keyword: حَيَوَان = Animal -- Derived with an intensive ending (-ān), meaning anything that possesses physical movement and sentient life.",,,
ضيف,"It relates to leaning, tilting, or joining one thing to another. It evolved into things like ""guest"" (someone who leans toward a host for shelter) and in technical contexts, appending or attaching elements.",X,"2.) Causative: ""To Feed / Entertain a Guest (Physical-Unilateral)"" -- Actively providing hospitality and welcoming someone as a guest. In relation to m.10, this focuses on the immediate, physical acts of hospitality.",X,"4.) Causative: ""To add, to append, to attach"" -- causing one element to lean/join alongside another to expand it.",X,X,"7.) Passive: ""to be added"" -- the perfect passive/anticausative counterpart to m.4; in MSA journalism, you often want to say something was added without specifying who added it",X,X,"10.) Causative: ""To Host an Event / Receive an Official Guest (Institutional-Socio-Political)"" -- in relation to m.2, this is to host in a grander, structural, or official capacity.",,,,,
طوع,"This root revolves around the core concept of compliance, obedience, and natural ease (as opposed to compulsion or force)","1.) ""To be obedient, to yield"" -- MSA rarely uses the actual m.1 verb to say ""he obeyed."" Instead, Form IV (أَطَاعَ) completely ate its lunch and became the standard word for ""to obey.""","2.) Causative: ""To Domesticate / Tame / Subdue"" -- This is a powerful causative verb. It means to force something wild, abstract, or rebellious to comply with your will or layout.","3.) State: ""To Yield / Go Along With (Psychological / Internal)"" -- in relation to m.4, this is not about obeying an authority figure. It means your internal willpower, your body, or a peer.","4.) State: ""To Obey (Hierarchical / Unilateral)"" -- This is your standard textbook verb for obedience. It implies a hierarchy, a rule, a law, or an authority figure. You submit outward to a command.","5.) State: ""To volunteer, to do good spontaneously"" -- Offering one's effort freely without external compulsion or duty; Entering a state of civic/voluntary service.",X,"7.) Passive: ""to obey""",X,X,"10.) State: ""To be able to, to can"" -- To enter the state of having successfully made a task submit to you.",,,,,
عطي,"The root عطي (ʿ-ṭ-y) centers on the primary sensory origin of extending the hand, reaching out, or passing something forward.","1.) Rare: ""To reach for, take with the hand"" -- Base sensory action of extending the arm to receive or grab (You might occasionally see عَطَا listed in classical dictionaries, but it is not used in MSA.)",X,3.) Rare,"4.) Causative: ""To give, grant, bestow, hand over"" -- This is the ultimate, non-negotiable verb for ""to give"" in MSA; it takes two direct objects without needing a preposition (e.g., ""He gave me a book"").",X,"6.) Contextual: ""to deal with"" or ""to take/consume repeatedly"" -- examples: ""to consume/take drugs"" (you are ""giving to yourself"") and ""to deal/interact with a crisis"" (the give-and-take of handling a situation).",X,X,X,"10.) Seeking: ""to ask for alms; to be asked (for alms)"" -- Seeking or asking someone to extend a gift/donation","Keyword: عطية = gift -- a broad, general term for any kind of gift or grant, while هدية is a specific kind of gift meant to show love and respect","Keyword: مُعْطًى = ""Data point, given fact, input"" -- Passive participle of Form IV (plural مُعْطَيَات); literally ""that which has been given or granted"" as a starting premise in logic, math, or research.",,,
علن,"According to Ibn Faris, this revolves around a single sound origin: the manifestation, emergence, or highlighting of something so that it becomes open and known (it is the direct antonym of سرر = secrecy)","1.) Rare: Linguistically, a Measure 1 verb عَلَنَ (alana) exists in deep historical dictionaries meaning ""to become known/public,"" but no native speaker uses it today. It is completely dead IRL.",X,X,"4.) Causative: ""To announce, declare, advertise, state officially"" -- Formally causing an event or policy out into the public domain",X,X,X,"8.) Rare: ""To keep cutting the bullshit straight: No. اِعْتَلَنَ (Measure 8) is absolutely dead IRL"" -- as you can see, this is the point where I asked google to cut the bullshit :P",X,X,"Keyword: عَلَن = Publicity / Opennes --  The primary state of being in the open. Frequently used in adverbial phrases such as فِي العَلَن (fī al-ʿalan – ""in public"" or ""openly"").",,,,
شهر,"Classical grammarians noted that the core sensory concept is something being so prominent and elevated that it is universally seen or known, like a newly sighted crescent moon standing out against the night sky.","1.) Transitive: ""To make famous/known, to expose, or to unsheathe/brandish (a weapon)."" -- Actively bringing an object or person into clear, public view.","2.) Intensive: ""To defame, publicly expose, slander, or malign (شَهَّرَ بِـ)."" -- Taking the idea of ""making public"" to an aggressive extreme—turning visibility into public disgrace.",X,"4.) Causative: ""To announce, declare, proclaim, register officially, or file for (e.g., bankruptcy)."" -- Formally causing a state or event to become public knowledge and legally recognized.",X,X,X,"8.) Reflexive: ""To become famous, renowned, or well-known for something (إِشْتَهَرَ بِـ)."" -- Internalizing the root—the subject itself gains widespread visibility and public fame.",X,X,"Keywords: شَهْر = month -- Historically, a month in the lunar calendar was defined by the شُهْرَة (the clear visibility and public sighting) of the new crescent moon",,,,
الف,"According to Ibn Faris (Maqayis al-Lughah), this centers on a primary physical and psychological concept: joining things together harmoniously, familiarity, attachment, or reaching a complete union/number.","1.) ""To become accustomed to, familiar with"" -- The baseline psychological act of being unified to a person, place, habit, etc","2.) Causative: ""to compose / constitute"" -- Bringing separate ideas, chapters, or people together into a harmonious whole.",X,X,"5.) Reflexive: ""To consist of, be composed of (min)"" -- The internal state of being unified and made up of various gathered components.","6.) Collective: ""To live in harmony; to bond mutually"" -- Mutual harmony and affection existing between individuals or group members that are unified",X,"8.) Benefactive: ""To form a coalition; to harmonize (maʿa)"" -- Joining forces or blending smoothly with another entity or political group for your benefit",X,X,,,,,
طلق,"According to Ibn Faris in Mu'jam Maqaayees al-Lughah, the primary physical origin signifies setting something free or loosening a knot/tether.","1.) ""To be free/unbound"" -- you will rarely hear the Form I verb IRL. Instead, MSA heavily relies on its adjectives like: طَلِق ( لِسَانٌ طَلِقٌ - a fluent tongue) or طَلِيق (free/at liberty, like a prisoner who was released).","2.) Denominative: ""To Divorce"" -- because it is locked into generating or executing that specific legal noun rather than a general act of freeing, it functions exactly like a denominative verb.",X,"4.) Causative: ""To Launch / Release / Fire"" -- Actively causing something to be set free (a prisoner, a rocket, a trend, or a gunshot).",X,X,"7.) Incohative: ""To Take Off / Rush Out / Dash"" -- Instead of a boring passive (""to be released""), اِنْطَلَقَ morphed into a high-octane verb which marks when something transitions from being still to moving.",X,X,X,Keyword: مُطْلَق = Absolute / Unrestricted -- an adjective denoting something that is free from constraints and limitations (can be positive or negative),,,,
بطل,"The physical sensory origin traces back to cessation, uselessness, and emptiness -- splits into two paths: Invalidation (no mental gymnastics here) and Heroism (someone who renders someone else to be invalid)","1.) Contextual: ""to become void; to be heroic"" -- read about the core imagery for more info -- Directly entering a state of having no legal or physical effect *or* Possessing the inherent qualities of a champion"," 2.) Causative: ""to thwart / abolish / invalidate"" -- Actively causing something to cease operating or function",X,"4.) Causative: ""To annul, cancel, revoke, render void"" -- Officially or legally making a contract, law, or effect null",X,X,X,X,X,X,Keyword:  بَطَالَة  = unemployment -- The state of being idle or without productive work in an economy,,,,
حكم,"""The letters Ḥāʾ, Kāf, and Mīm form a single true principle indicating prevention, restraint, and curbing (مَنْع)."" ","1.) ""to judge / sentence; to rule / govern"" -- aka imposing prevention/restraint"," 2.) Causative: ""to appoint / choose"" -- actively placing someone into the position of judging "," 3.) Asymmetrical: ""to prosecute / arraign"" -- A plaintiff or prosecutor forces an offender before the law so their action can be restrained/curbed","4.) Causative: ""to tighten, master"" -- takes the concept of ""restraint/curbing"" and applies it as an external force to lock something down, make it airtight, or execute it with absolute mastery."," 5.) Reflexive: ""to control / judge"" -- to assert or take full control over something",6.) Rare: Strictly reserved for formal legal theory or classical texts describing two parties agreeing to enter arbitration. ,X,"8.) Reflexive: placing yourself under a ruling authority -- note: in classical texts, ""he sought judgment"" gets translated simply as ""he judged,"" but syntactically it means he submitted his case to be judged.",X,10.) Rare,Keywords:  حِكْمَة = Wisdom (intellectual self-restraint that prevents bad choices) ,Keyword:  حَكَمَة—the bit placed inside an unruly horse's mouth to restrain it and give the rider total control -- foundation of this root?,,,
وصل,"""The letters Wāw, Ṣād, and Lām form a single core root (aṣl wāḥid) that indicates the joining or reaching of one thing to another (ittisāl ash-shay' bi-sh-shay').""","1.) Contextual: Intransitive (with إِلَى): To arrive at, reach, or attain a location/goal (e.g., وَصَلَ إِلَى المَطَارِ – he arrived at the airport); // Transitive: To join, link, or connect two things together."," 2.) Causative: ""To deliver, transport, drop off, connect/wire (electronics), or convey."" -- causing someone/something else to arrive or making a thorough connection).","3.) Assymetrical: ""To continue / persevere; To keep in contact with someone"" (Physical routes, travel, continuation of work/journey) -- focuses on the subject actively initiating or maintaining the link","4.) Causative: ""To deliver, convey, connect, or pass along (a message, package, electricity)."" -- Very close in meaning to Form II, but slightly more formal/abstract (e.g., conveying an idea, delivering a signal).","5.) Reflexive: ""To reach a conclusion, strike a deal, arrive at a solution, or work one's way to an outcome (usually with إِلَى)."" -- To connect oneself to an outcome after effort."," 6.) Collective: ""to be interconnected"" (Interpersonal interaction, dialogue, social links) -- because mutual participation, it naturally shifted toward human dialogue, interaction, and staying in touch.",X," 8.) Reflexive: ""To call (on the phone), contact, connect with, or be physically contiguous with (usually with بِـ)."" -- Making oneself linked to another person via a network or line.",X,X,Keyword:  مُوَاصَلَات = Transportation / transit systems (Form III Plural Noun — literally the things that keep movement going continuously),Keyword: صِلَة : Connection / Link / Relationship — The Form I verbal noun (drops the initial Wāw and adds a Tā’ Marbūṭah). Used in صِلَة الرَّحِم (maintaining family ties).,,,
وثق,"can be paraphrased as the act of making something unbreakable, steady, and completely dependable -- core noun: وِثَاق = Bond / Shackle / Tying Band","1.) ""To trust, rely on, or have confidence in someone/something"" Stative / Intransitive (takes the preposition بِـ) "," 2.) Causative: ""to attest / certify / authenticate"" -- Making something trustworthy, firm, and binding by making it official, recorded, or physically secured.","3.) Asymmetrical: ""To enter into a pact, treaty, or solemn covenant with someone."" -- directing your trust and confidence into a binding agreement","4.) Denominative: ""To tie, bind tightly, or shackle"" -- The literal physical origin of the root—tying something down so it cannot escape.","5.) Reflexive: ""to be verified / certain"" -- Ensuring that certainty/firmness has been achieved on one's own end.",X,X,X,X,"10.) Declarative: ""to find or deem something to be trustworthy/firm."" -- they are not just ""asking"" for the news to be true. They are taking action until they can deem the news to be solid, firm, and fully secure.",Keyword: وَثِيقَة  = Document -- Putting an agreement down on paper bound the parties to their word and secured the truth so it couldn't change over time.,"Keyword: ثِقَة = trust -- When you have thiqah in someone, you feel firm and grounded in your expectations of them. Your relationship or belief in them is secure rather than loose, doubtful, or unstable.",,,
حلق,"The original definition of حَلْق is the throat or windpipe. Anatomically, the throat is a hollow, cylindrical tube—essentially a series of rings or a passage with a circular cross-section","1.) ""To shave, to cut hair close to the skin"" -- this is in reference to the core meaning ""throat"" because it originally meant to cut or shear hair specifically at the site of the throat or neck area","2.) Denominative: ""to soar, fly, or hover high in the air."" -- born directly from the noun حَلْقَة (circle, loop, or ring); when birds of prey (they love hawks) fly high in the sky, they make concentric circles in the air.",X,X,"5.) Incohative: ""To gather in a ring, to cluster around"" -- If this were reflexive, it'd mean performing the action of ""shaving"" or ""circling"" onto one's own body. They are entering a geometric state of togetherness.",X,X,X,X,X,,,,,
خسر,"The root خ-س-ر (Kh-S-R) revolves around the core concept of loss, diminution, impairment, and failure to profit, standing in direct opposition to gain, success, and abundance.","1.) ""To lose (a game, money, a loved one), to suffer a loss"" -- Experiencing a direct deficit or reduction in status, assets, or life.","2.) Causative: ""To Cause Someone to Lose / Bankrupt Someone"" -- This is the straightforward causative version of Form I. It means to inflict a loss upon someone else or make an enterprise fail.",X,"4.) Causative: ""To Shortchange / Give Short Measure (Rare IRL)"" -- Causing a deficit or shortchanging someone during a transaction or measurement.",X,X,X,X,X,"10.) Declarative: ""To deem too costly to lose/give, to begrudge"" -- Viewing something as too high a loss to give away; deeming a sacrifice wasteful.",,,,,
برح,"According to Ibn Faris in Mu'jam Maqaayees al-Lughah, this root primarily signifies departure, manifestation, and leaving one's position.","1.) ""To leave, to depart"" -- however IRL is lives as a member of أَخَوَات كَانَ (The sisters of Kāna), frozen in the negative using مَا (mā) or لَمْ (lam) to mean ""to still be / to not cease to be.""","2.) Denominative: ""To torment, to harass, to cause severe pain"" -- In classical Arabic, bāriḥ referred to a scorching, blistering hot wind (or a severe, painful event). So this becomes ""to cause pain upon someone"".","3.) Incohative: ""To leave (a place/person), to depart from"" -- Actively walking away from or vacating a location or relationship. The subject transitions into a new state of becoming departed.","4.) Intensive: ""To honor/praise greatly; to inflict severe pain (e.g., abraḥahu ḍarban)"" -- Pushing an action (whether honoring or beating) to an extreme, manifest limit.",X,X,X,X,X,X,Keyword: البارِحَة = Last Night / Yesterday Evening -- the most recent night that has just departed or passed away (al-laylah al-māḍiyah).,"Keyword: بَرَاح = spacious -- a place completely cleared of all obstructions—no trees, no buildings, no tents, no hidden blockages, etc",,,
خصص,"According to classical lexicographer Ibn Faris, this root points to one primary underlying concept: singling something out or bestowing something exclusively upon a specific target.","1.) ""To concern, relate to, affect"" -- Directly singles out or attaches relevance to a specific person or topic.","2.) Causative: ""To allocate, designate, dedicate, earmark (e.g., budget, time)"" -- Actively forces or marks a resource to be set apart for a single specific purpose.",X,X,"5.) Reflexive: ""To specialize (in a field), major in"" -- The subject narrows their own scope or focus down to one exclusive domain.",X,X,"8.) Incohative: ""To be exclusive to, hold sole jurisdiction over"" -- Internalizes the state of being singled out for a role, power, or quality.",X,X,,,,,
درع,"This root revolves around the core concept of armor, shielding, or placing a protective covering over something.",X,"2.) Causative: ""To armor, reinforce, shield (a vehicle, force, or structure)"" -- Actively fitting an entity with heavy physical or structural plating.",X,X,"5.) Reflexive: ""To arm/shield oneself; to brace with (e.g., patience, courage)"" -- equips themselves physically or metaphorically with a shield. Usually requires the preposition بـِ (bi-) to introduce the shield.",X,X,"8.) Rare: Explicitly meant ""slipping into a medieval coat of mail"". Strictly Historical. Tied completely to medieval warfare imagery. Is a direct transitive verb (takes a direct object without a preposition).",X,X,"Keyword: دِرْعُ حِمَايَة = Protective shield / firewall -- Common modern metaphor in military, cybersecurity, and policy contexts for defensive systems",,,,
دور,"The root is rooted in physical revolution—such as walking in a circle around a focal point. It expanded metaphorically to time, spatial enclosures (houses, territories), roles that rotate between people, etc","1.) ""To revolve, spin, turn; to take place/revolve around (a topic)"" -- The fundamental action; in relation to m.10, this is default, passive spinning or an abstract event revolving.","2.) Causative: ""to make something round, or to recycle (via the verbal noun تَدْوِير tadwīr)"" -- causing something to be round, or putting resources back into the circular process","3.) Contextual: ""To Alternate or Rotate (Most Common IRL); or To Maneuver / Debate / Outwit (The ""Ensnare"" angle)"" -- Back-and-forth ""turning"" of tasks or words with an opponent/colleague.","4.) Causative: ""To manage, run, direct (an office, business, engine)"" -- the subject is ""keeping the wheels turning"" or ""spinninh the machinery"" of an organization.","5.) Reflexive: ""To become round, circular, or spherical."" -- Used in literature, geometry, or descriptions of facial features (e.g., a round face) or objects.","6.) Symmetrical: ""To alternate, take turns, rotate responsibilities"" -- Circular exchange of roles or items back and forth among multiple participants.",X,X,X,"10.) Intensive: ""To turn oneself around; to be fully circular"" -- in relation to m.1, this is the subject physically spinning 180 degrees, or completing its circle.","Keyword: مُدِير = Manager, director -- Active participle of Measure IV: the person setting the operational cycle in motion","Keyword: دَار = House, home, domain -- An enclosed space or structure ""circling an inner courtyard""",,,
دول,"Although Ibn Faris notes a secondary root branch, in MSA IRL, the root primarily points to: the shift or movement of something from one place, status, or hands to another.","1.) ""To shift, change hands, turnover"" -- Baseline movement where fortune, power, or time transitions from one side to another.",X,"3.) Asymmetrical: ""To alternate, rotate (e.g., power, wealth)"" -- directing your energy in order to make something cycle or rotate sequentially between parties.","4.) Rare: ""To cause a shift in fortune/power"" -- allegedly this m.4 verb became completely redundant and fell out of use outside of 7th-to-10th-century historical chronicles",X,"6.) Symmetrical: ""To circulate, trade (stocks), discuss/pass around"" -- The continuous, mutual exchange of physical items, currency, information, or control among multiple actors.",X,X,X,X,"Keyword: دَوْلَة = State, nation, country -- Historically meant a ""turn"" at power or a dynasty; however, it evolved into ""the political institution that holds authority over a era""",,,,
رشح,"The classical image is sweat breaking through skin, or water slowly filtering through a porous clay vessel -- it evolved into two directions: Biological (ex. Nasal discharge) && Socio-Political (""Filtering"" candidates)","1.) ""To leak, seep, ooze; to filter/trickle"" -- The baseline physical movement of liquid percolating through a porous surface.","2.) Causative: ""To nominate, endorse, shortlist (a candidate)"" -- Actively ""filtering out"" or putting forward a chosen person for a role or honor.",X,X,"5.) Reflexive: ""To run for office, candidate oneself; to be filtered"" -- The subject steps forward out of the broader pool to present themselves for selection.",X,X,X,X,X,,,,,
رعي,"One of the most essential roots in Arabic for sponsorship, caretaking, state patronage, and observance (like a shepherd leading livestock to pasture and keeping watch over them)","1.) ""To sponsor (an event/team), to patronize, or to nurture/care for (a family, orphan, or project)"" -- it still means ""to graze/herd livestock,"" but it is mostly used abstractly in MSA.",X,"3.) Asymmetrical: ""To take into consideration, respect, pay attention to"" -- directing your energy in order to actively keeping someone's circumstances or feelings in sight while making decisions.",4.) Rare,X,X,X,8.) Rare,X,"10.) Seeking: ""To demand/capture (typically used in regard to attention: اِسْتَرْعَى الِانْتِبَاه)."" -- seeking to have someone act as a shepherd over you; or to pull someone's guarding gaze toward yourself.",,,,,
رفض,"one of the most high-frequency, direct roots in Arabic for rejection, refusal, denial, and opposition","1.) ""To reject, refuse, decline, turn down"" -- The primary action of pushing away a proposal, request, or rule; m.1 is the absolute king of this root and handles almost 99% of all real-life (IRL) usage.",X,X,4.) Rare,5.) Rare,X,X,X,X,X,,,,,
قبل,"The anchor of this root is the front side, orientation, or moving face-to-face toward something -- it evolved heavily into receiving/acceptance (Turning your face towards something and not rejecting it).","1.) ""To accept, receive, or approve."" -- Turning one’s face toward something favorably; physically or mentally receiving what comes toward you."," 2.) Denominative: ""to kiss"" -- derived directly from the physical noun قُبْلَة (qublah - a kiss); this is bringing two faces into direct physical contact","3.) Asymmetrical: ""To interview, meet with, or counter/confront."" -- Placing your body or mind directly face-to-face with another entity for an evaluation or meeting; Transitive (Requires a Direct Object).","4.) Reflexive: ""To approach, advance, or arrive (usually paired with ʿalā to mean embarking eagerly on a task)."" -- Actively moving your front side forward toward a target; drawing near to face it.","5.) State: ""to receive / accept"" -- inward acceptance; you are ""facing"" a deep, lasting state of mental or spiritual alignment with a harsh truth, a gift, or a prayer.","6.) Symmetrical: ""To meet each other"" -- Multiple subjects continuously mirroring each other's paths until they are standing completely face-to-face.",X,8.) Rare,X,"10.) Intensive: ""To receive (guests), welcome, host"" -- more than just m.1 receiving; here you are receiving guests in order to welcome and/or host them","Keyword: مُسْتَقْبَل = Future -- m. 10 Passive Participle — ""that which lies ahead facing us""","Keyword: إِقْبَال = ""interest, enthusiasm."" -- verbal noun m.4, you move towards and face things that youre interested in","Keyword:  قبل = before -- whatever lies ""before"" you is what you're facing",,
سوس,two separate origins collapsed into the same three letters -- سَائِ = groom/stable master (ancient metaphor for steering people) && the سُوس = woodworm/weevil (this line gave us سَوَّسَ (to decay/get cavities)),"1.) ""to govern / administrate / direct"" or ""to become worm-eaten"" (see thread for more details)","2.) Causative: Even though Hans translates it passively as ""to be worm-eaten,"" grammatically Form II can function transitively. It means the worms/decay are actively doing the action to the object.",X,X,"5.) Reflexive: of m.2, ""to become worm-eaten / decay"" -- focuses entirely on the state of the object itself changing, without mentioning who or what caused it.",X,X,X,X,X,,,,,
شوش,"If you look up تَشْوِيش (confusion) in the famous classical dictionary ""Lisan al-Arab by Ibn Manzur"", he declared it ""has no native root origin in Arabic"" (see further notes -- ""confusion"" is Aramaic, Persian, and Bedouin)",X,"2.) Causative: ""to confuse / disturb"" ",X,X,"5.) Reflexive: ""to be confused / be disturbed""",X,X,X,X,X,"Notes: as we know it, this is an Aramaic loan that was Arabized into a trilateral root ش-و-ش ; however, there is an unrelated, hyper-rare native Arabic root spelled ش-و-ش found in ancient Bedouin poetry.","Keyword: شَاشَة = Screen, monitor, or display -- this comes from an ancient Persian word for a type of thin fabric, which Arabic speakers repurposed in the 20th century to mean a cinema or TV screen.",,,
عظم,"starts at the anatomical baseline with عَظْم (bone or skeleton)—the hard, fundamental frame that supports a body. From ""having a strong frame,"" it naturally leaps into size, power, and prestige","1.) ""to be immense / be powerful"" -- The baseline state of growing in size, seriousness, or weight.","2.) Causative: ""To magnify, glorify, honor"" -- Actively treating something as majestic or enlarging its importance/size.",X,"4.) Rare: ""To technically calculate or judge a matter to be of a large size or gravity"" -- since m.4's primary job is causative (to make great / to exalt), modern writers abandoned this (which is declarative like m.10)","5.) Simulation: ""to be arrogant / flaunt"" -- Elevating oneself or assuming a position of unearned greatness.","6.) Intensive: ""To Snowball / Grow Rapidly"" -- the subject is actively accumulating mass, gaining momentum, or growing progressively larger on its own over time.",X,X,X,"10.) Declarative: ""To deem enormeous, find overwhelming"" -- in relation to m.4, this has high emotional/psychological impact. You aren't just calmly declaring something is big; you are stunned by the declaration.",,,,,
عقد,"According to Ibn Faris, this root has a clear physical origin: tying two ends of a rope together to form a firm knot.","1.) Contextual: ""To tie (a knot), convene (a meeting), hold (a conference), conclude (a contract)"" -- The primary act of binding things together physically or establishing a formal agreement.","2.) Intensive: ""To complicate, entangle, make complex"" -- literally or metaphorically Over-knotting something until it becomes difficult to untangle or solve.",X,X,"5.) Reflexive-2: ""To become complicated, tangled, or intricate"" -- The subject itself is in a complex state.","6.) Collective: ""To sign a contract, to enter into a mutual agreement, or to partner up."" -- requires two or more parties binding themselves to an agreement. It is usually followed by the preposition مَعَ","7.) Passive: ""to be held / be gathered / be convened""","8.) Incohative: ""To believe, hold an opinion/conviction"" -- Entering a state where you have knotted your heart and intellect to a concept so tightly that it can no longer be unraveled or shaken.",X,X,"Keyword: عَقْد = Decade (10-year period) -- a ""knot"" of ten years ",Keyword:  عَقِيد = Colonel -- an officer who holds a command contract/commission,,,
فعل,"This is the most abstract root of action in Arabic—representing any deed, movement, or occurrence. Because of its foundational nature, it is used to measure and classify every verb pattern in the language.","1.) ""To do, perform, commit, act"" -- The baseline execution of an action or deed.","2.) Causative: ""To activate, enable, trigger, implement"" -- Actively bringing a feature, law, or mechanism into an operational state.","3.) Asymmetrical: ""To interact with, react to"" -- Exerting action mutually back and forth with another force or substance.",X,"5.) Reflexive-2: ""To become activated, triggered"" -- The subject transitions into an active or functioning state.","6.) Symmetrical: ""To interact, react with one another (e.g., chemicals, people)"" -- Mutual exchange of actions or chemical/social forces between two or more parties.","7.) Passive: ""To get agitated, or triggered."" -- While its textbook definition is simply passive of ""to do"" (to be acted upon), IRL it implies a loss of emotional control, nervousness, or toxic agitation.","8.) Benefactive: ""To fabricate, forge, or contrive (usually paired with words like crisis or problem)"" --  doing something untrue for your own benefit",X,"10.) State: ""To aggravate, grow out of hand, or become severe."" -- entering a severe state of the root's ultimate capacity.",,,,,
فكه,"This root revolves around the pleasure, sweetness, and delight derived from enjoying good food or lighthearted social banter.","1.) ""to be humorous / be facetious"" -- The baseline act of engaging in lighthearted or humorous behavior.","2.) Causative: ""To amuse, entertain, make someone laugh"" -- Actively bringing joy or humor to others through jokes or stories.","3.) Asymmetrical: ""To joke with, banter with, joke around"" -- Engaging in mutual lighthearted banter or humorous exchange with a companion.",X,"5.) Reflexive: ""To enjoy oneself, to be amused"" -- The subject partakes in delight, whether eating fruit, enjoying humor, or marveling at an oddity.",X,X,X,X,X,"Keywords: فَاكِهَة = fruit -- the sweet, fresh produce eaten for delight",,,,
فهم,"According to classical lexicographer Ibn Faris (Mu'jam Maqaayees al-Lughah), the root ف-ه-م points to a single primary principle: the mental realization, grasping, or knowledge of a thing.","1.) ""To understand, comprehend, grasp"" -- The baseline mental act of internalizing meaning or concept; m.1 is the undisputed ruler of this root, handling nearly 90% of real-life (IRL) usage.","2.) Causative: ""To explain to, make understand, instruct"" -- actively making someone else understand; in relation to m.4, this is used for personal, hands-on, or intensive teaching ",X,"4.) Causative: ""To convey clearly, make (someone) comprehend"" -- in relation to m.2, this is a singular declaration; however MSA tends to use verbs like شَرَحَ (to explain) or وَضَّحَ (to clarify). ","5.) Reflexive: ""To be understanding of, to sympathize with"" -- You aren't just logically computing data; you are actively processing a human situation with empathy or professional diplomacy.","6.) Collective: ""to understand one another / achieve mutual understanding"" -- multi-party process where both sides come together on the same wavelength",X,"8.) Benefactive: ""to mentally seize, digest, or grasp a situation thoroughly for oneself."" It implies extracting the hidden or ultimate meaning of a situation; rare in MSA but allegedly used in Gulf and Iraqi.",X,"10.) Seeking: ""To inquire, ask for clarification, or interrogate."" --  this means to demand/request understanding from someone else; It is almost always followed by the preposition عَنْ (‘an).",,,,,
قدر,"act of measuring -- branches into human ability, planning/estimation, ultimate fate, etc -- A concrete noun is قِدْر (cooking pot), representing a vessel constructed to hold a precise, measured capacity.","1.) ""to be able to / be capable of"" -- the fundamental state of ""possessing the measure"" recquired to accomplish a task","2.) Causative: ""to estimate / appreciate / appraise / value"" -- causing something else to be measured",X,X,X,X,X,8.) Rare,X,10.) Rare,"Keyword: قَدَر = Fate -- the pre-measured amount of life, sustenance, and events that God has calculated and decreed for a person","Keyword: قدر = amount -- a calculated, measured, or estimated quantity",,,
قدم,"According to classical lexicographer Ibn Faris, this root has a clear physical origin: the human foot (qadam) and taking a physical step forward.","1.) ""To arrive, come to, step into"" -- Actively putting one foot in front of the other to step into a new territory.","2.) Causative: ""To present, offer, submit, introduce"" -- causing an object/idea to move forward into someone's view.",X,"4.) Intensive: ""to undertake / tackle / approach"" -- Taking an aggressive or courageous step forward into action.","5.) State: ""To advance, progress, apply for"" -- Moving yourself into a continuous, ongoing state of moving forward in space, time, or rankings.",X,X,X,X,"10.) Causative: ""To import, bring over, recruit"" -- causing someone/something to be brought forward from across a border.","Mental Gymnastics: قَدِيم = old (the one who arrived) &&  قَادِم  = Next, coming, or arriving (m.1 Active Participle)",,,,
قرب,"The root ق-ر-ب (Q-R-B) revolves around the core concept of proximity -- drawing near in space or time, kinship, and intimate connection.","1.) ""To be near, to border on, or to be close to happening."" -- this is a stative verb. It doesn't describe the action of walking closer; it describes the status of already being near. It is also paired with مِنْ (min).","2.) Causative: ""to bring close / approximate"" -- Actively reducing the distance between two objects or concepts; examples: to zoom in (a camera), or to round a number in math.","3.) Asymmetrical: ""to border on, or be on the verge of (a milestone or number)"" -- functions as an estimative verb. It means that a value, an age, a budget, or a population is creeping up to a specific limit.",X,"5.) Benefactive: ""To cozy up to / seek favor / worship"" -- The subject intentionally moves itself closer to gain favor or devotion.","6.) Collective: ""To converge, to grow closer to one another, or to resemble each other."" --  Two or more things are moving toward each other simultaneously (ex. cultures, lines on a graph, political parties, etc).",X,"8.) Reflexive: ""To physically move closer, to approach, or to draw near (in space or time)."" -- This is an active, intentional process. It is almost always paired with the preposition مِنْ (min - from/to).",X,10.) Rare: Form X lost the evolutionary survival race because Form III (قَارَبَ) and Form II (قَرَّبَ) already do these exact jobs much more efficiently.,Keyword: قارب = boat -- a vessel that approaches the shore,"Keyword: قُرْبَان = Sacrifice, offering, Eucharist -- An offering presented to draw close to God",,,
قرر,"From this visual of something settling into a stable, motionless state; the semantic scope naturally expanded toward deciding, affirming, establishing legal resolution, and official reporting.","1.) ""To settle down, abide, become quiet/fixed"" -- compared to m.10, this is stative and deeply emotional/domestic (to stay put, nestle, or find deep emotional relief)","2.) Causative: ""To decide, resolve, determine, establish"" -- Actively forcing an issue or choice into a fixed, final state.",X,"4.) Declarative: ""To admit, confess, ratify, approve (on / bi-)"" -- declaring something so it can be settled ","5.) Reflexive: ""to be decided / be resolved"" -- An issue or schedule settles into its final, finalized form.",X,X,X,X,"10.) State: ""to fully achieve and enter into stability."" -- in relation to m.1, this is highly structural (can refer to economy, medical, new country etc); takes either preposition فِي  or  عَلَى ","Keyword: قَارَّة = continent -- a vast, fixed body of land that remains immovable",Keyword: مَقَرّ = headquarters -- Noun of place; the fixed site where an organization or government resides,Keyword: تَقْرِير = document -- Verbal noun of Measure II; this is a document that settles/establishes the facts on paper,,
كرم,"abundance, high value, and noble distinction","1.) ""To be generous, noble, bountiful"" -- The baseline state of possessing an abundant or giving nature; note: in relation to m.5, This stative, aka the person's default DNA.","2.) Causative: ""To honor, bestow an award on, venerate"" -- Actively elevating someone's status or bestowing formal recognition; examples: giving an employee an award, or hosting a ceremony","3.) Rare: ""to compete with or vie with someone in generosity"" -- this allegedly sounds incredibly archaic and unnatural to modern native speakers.","4.) Causative: ""To host generously, be hospitable, or pamper a guest."" -- causing people to experience your generosity through warm hospitality","5.) Intensive: ""To graciously bestow a favor / kindly deign to do an action"" -- You summon the ""generous DNA"" within yourself to grant a polite favor",X,X,X,X,X,"Keyword: كُرُوم = vineyards -- From this image of a plant that gives bountifully and effortlessly, the root evolved into the quintessential Arabic domain for hospitality, social prestige, divine grace, etc.",,,,
لحق,"In its sensory origin, it referred to a traveler or animal running to close the physical gap between themselves and a moving party ahead until they touched or joined them (laḥiqa bihi).","1.) ""to catch up with, to overtake, or to catch (a flight/bus/train)."" -- Key Preposition: بِـ (bi-): placed before the entity you are catching up to.",X,"3.) Asymmetrical: ""To pursue, to chase, to prosecute, to hound"" -- One active subject is pursuing or chasing an object. The action moves in a single direction.","4.) Causative: ""To attach, to append, to enroll (someone), to inflict (damage: بِـ)"" -- Forcing an item or person to be joined, added, or delivered unto another",X,"6.) Symmetrical: ""to follow one another in rapid succession; or to catch up with each other"" -- Multiple entities are now chasing, catching up to, or cascading into each other.",X,"8.) Benefactive: ""To join, to enlist, to enroll (in/with: بِـ)"" -- Voluntarily placing oneself into an organization, military unit, or university",X,X,Keyword: لَاحِق = later -- Active participle of Form I; describes something that comes immediately after or catches up in sequence,,,,
امر,"exercising authority over a direction, decision, or situation",1.) Base: issuing a directive or instruction --> 6.) Mutual: individuals secretly come together to engineer a plot against someone/something (draft orders together about something),**Keywords: أَمِير = Prince (commander) && مُؤْتَمَر = conference (place of deliberation),,,,,,,,,,,,,
ولي,"Linguistically, Arabic transforms the core idea of ""closeness"" into loyalty, legal guardianship, political governance, etc.","1.) ""to follow / come after"" -- the simple state of being next in line (aka close to something/immediately next to something)","2.) Causative: ""to put in charge / entrust / commission"" -- you are to cause someone to be close to a matter/power","3.) Asymmetrical: ""To side with, be loyal to, or ally with"" -- aligning your path right next to an ally, creating an unbroken string of allegiance.",X,"5.) State: ""To take charge of / assume control"" -- Moving yourself into a permanent State of Custody over an obligation, office, or task.","6.) Intensive: ""to follow in succession"" -- multiple events stacking themselves directly behind one another like an unbroken row of dominoes; I see this as a type of ""intensive following.""",X,X,X,"10.) Utilization: ""To seize, capture, or take over by force (always paired with ʿalā)"" -- utilizes their closeness/guardianship in order to absorb full control over something for their own complete utility.","Keywords: وِلَايَة = state -- from personal custody, the word shifted to societal custody, which from there evolved from an action into a place",,,,
بعد,origin stems from physical space: moving away from a fixed point or viewer so that an object becomes remote or distant,"1.) ""To be far away, distant, or remote"" --  It describes an existing condition or an abstract state of being.","2.) Causative: ""To push away, remove, or separate"" -- Actively increasing the distance between two objects or people","3.) Asymmetrical: ""To separate, distance, or keep at a length"" -- Creating or maintaining space/distance between two parties","4.) Causative-Result: ""To deport, banish, expel, or push far off"" -- Removing someone completely to a distant location or out of range",X,"6.) Symmetrical: ""To become mutually distant or estranged"" ",X,"8.) Reflexive: ""To withdraw, move away, or steer clear of"" --  to make oneself distant (It describes a deliberate action taken by the subject to change their position, as opposed to m.1 focusing on the position)",X,"10.) Declarative: ""To consider unlikely/improbable; to rule out"" -- Viewing an outcome as ""far away"" from reality or truth","Keyword: بعد = after -- if ""Y"" is separated by a distance AFTER ""X"", it lies further down the line (later in time)","Keyword: البعد = dimension -- When you measure space, a ""dimension"" is simply the extent or reach of physical distance along a specific axis (length, width, depth, or time).",,,
نوب,"taking turns, rotating, substituting, or standing in for someone else.","1.) Base: substituting or filling a role --> 4.) Causing someone else to take their turn, to deputize / authorize --> 6.) Mutual: to alternate / take turns --> ","8.) Internal: your turn to suffer :) In modern news, analysis, and literature, you'll often see  اِنْتَنَابَ used with subjects like doubt, fear, crisis, illness, etc","**Keyword: نَائِبَة = Calamity, disaster, or setback (Plural: نَوَائِب — literally ""the things that take turns striking people"").",,,,,,,,,,,,
ذوع,"spreading, scattering, leaking out, or broadcasting widely",1.) Base: to spread / circulate / become public --> 4.) Causative: You don't just let the news leak—you actively cause it to be spread/broadcast (to broadcast / propagate),"**Keywords: مِذْيَاع = Radio / transmitter device (Noun of Instrument pattern mif'āl) && مُذِيع = News anchor, broadcaster, or presenter (Form IV Active Participle).",,,,,,,,,,,,,
قول,"According to Ibn Faris (Maqayis al-Lughah), the hollow/defective root ق-و-ل (Q-W-L) centers on a single primary semantic axis: the vocal articulation of speech, verbal expression, or movement of the tongue.","1.) ""To say, speak, utter, or state"" -- The foundational act of expressing thoughts or facts via spoken words",X,"3.) Asymmetrical: ""To contract with someone, to enter an agreement."" -- directing your speech towards someone in order to contract with them",X,"5.) Negative: ""To fabricate statements; to lie about (ʿalā)"" -- abusing speech in order to make up false claims or attribute untrue statements to someone.","6.) Symmetrical: ""To negotiate, confer, or contract together"" -- Interactive exchange of words to negotiate terms or reach an agreement.",X,X,X,X,Keyword: مُقَاوِل = Contractor or builder -- One who enters into a formal business agreement (see m.3 and m.6),,,,
قل,"scarcity, smallness in quantity or size, and minimization -- but the root ق-ل-ل doesn't just mean ""to be less""—its core linguistic meaning is ""to be light in weight.""","1.) Base: to be few, rare, scarce, or decrease (followed by عَنْ or فِي) --> 2.) Causative: to reduce, minimize, curtail, downplay, or belittle (followed by مِنْ) --> ","4.) to transport, carry, or give a ride to passengers -- ""to find something light enough to lift up"" --> 10.) Maximum: independence is carrying your own weight *OR* Seeking m.4: To Board / Ride / Take",,,,,,,,,,,,,
شرك,"The root ش-ر-ك (Š-R-K)—which fundamentally means partnership, sharing, and association—is notorious for having multiple verb forms that sound like they mean the exact same thing.","1.) Rare: The Form I verb itself is rarely used in modern speech. However, the nouns derived from Form I are the ultimate foundation of Arab capitalism and daily life.",X,"3.) Asymmetrical: ""To participate, to take part in, to contribute to (in: فِي)"" -- Focuses on one-way sharing / entry / joining; note: this is the Everyday Word for ""To Participate / Share""","4.) Causative: ""To Involve Someone OR Polytheism"" -- to cause someone else to be involved (either at a human level, or a religious level [ex. Extra gods associated with the one true God])",X,"6.) Symmetrical: ""to be partners"" -- Focuses on co-ownership or equal partnership",X,"8.) Reflexive: ""To subscribe, to participate, to share a trait or account (in: فِي)"" -- Voluntarily binding oneself into a collective system, network, or service; focuses on the internal choice",X,X,"Keyword: اِشْتِرَاكِيَّة = socialism -- Abstract political term derived from Form VIII, denoting a system based on collective or shared ownership of the means of production.","Keyword: شركة = company -- A legal entity defined by shared ownership, joint assets, and collective operations.",,,
صوت,vocal or acoustic projection radiating outward.,"1.) Base: describes the act of emitting a sound or raising one's voice --> 2.) Causative: putting sound into action, to vote (classical is intensive: to shout out, make a loud noise, or call intently to someone)",,,,,,,,,,,,,,
منح,"act of granting, bestowing, or giving a gift freely and without expectation of return","1.) ""To grant, bestow, accord, confer, or award.""",X,"3.) Archaic: carries no active, practical usage in Modern Standard Arabic or regional dialects",X,X,X,X,X,X,10.) Rare,Keyword: مانح = Donor (Active Participle),"Keyword:  ممنوح = recipient, beneficiary (Passive Participle)",,,
ندو,"Mental gymnastics: dew on morning plants (ندى) -- Bedouins said a ""dewy"" person was generous (it's a desert) -- ""dewy"" hosts would host travelers -- once they're assembled, you speak to them","1.) Base: to gather/assemble, to be generous --> 3.) To object: to call for, appeal for, advocate, or proclaim (see ""gymnastics thread"") --> 4.) Causing something to be moist (used idiomatically in media)","**Keywords: مَوْقِفٌ يُنْدِي لَهُ الْجَبِينُ "" = ""A situation that causes the forehead to sweat [with shame]."" && نادِي = club, association && نِدَاء = call, appeal (ex. ""an urgent call from the UN"")",,,,,,,,,,,,,
نقو,"In classical Arabic, the root ن-ق-ي means to make something pure by separating the good parts from the waste.","1.) Base: to be pure (but IRL mostly used in classical, poetic, or religious contexts) --> 2.) Causative: make something clean or pure --> 8.) see next bar, confused me","8.) Reflexive: when you ""purify a collection of things for yourself,"" you are actively removing the unwanted items, and are left with only the best pieces -- aka selecting, handpicking, or curating",,,,,,,,,,,,,
وضح,"built on luminosity, visibility, and transparency—taking something obscure, dark, or hidden and bringing it into full view so there is no ambiguity.","1.) Base: to be clear, evident, or manifest --> 2.) Causative: to make something clear to an audience or public --> 4.) Causative: 4 = 2 however m.4  often has a slightly more formal news-anchor register -->","5.) Reflexive of 2: the action happens to the subject --> 8.) Reflexive: similar to m.5, but denotes a passive realization, an objective state of becoming clear, or a final result (""it turned out that"").",,,,,,,,,,,,,
وقع,"""The Wāw, Qāf, and ʿAyn constitute a single sound primary root, indicating the falling or dropping of something.""","1.) ""to fall down / take place / be located"""," 2.) Causative: ""to sign; to be signed"" -- making something officially fall into existence",X,"4.) Causative: ""to inflict / bring about"" -- To cause damage/penalties to land on someone ","5.) State: ""to expect / count on / anticipate"" -- Mentally anticipating where or how something will ""land"" before it actually happens.",X,X,X,X,10.) Rare,"Keyword: إيقاع = rhythm -- Just as physical objects drop or land in a recurring, predictable place, musical notes and poetic meters ""fall"" sequentially over time to create a cadence/rhythm",,,,
وزر,"centers on encumbrance, heavy burden, and responsibility -- from here, the root splits into two main branches: carrying the weight of state affairs && carrying the weight of sin","1.) Base: to bear a burden; to carry a sin/fault --> 3.) Reciprocal: ""to share or shoulder the heavy weight with someone"" so they don't crush under it --> 5.) Reflexive: to assume the minister's burden -->","6.) Mutual: Everyone collectively taking on a shared burden together, to rally together, cooperate, or give mutual support.",,,,,,,,,,,,,
وحد,"being one, standing alone, or fusing separate pieces into a unified whole","1.) Base: to be alone, unique, or singular (virtually dead as an active verb) --> 2.) Causative: making them one, to unite, consolidate, or standardize -->","5.) Reflexive of 2: to be united like blending into one or acting as a single unit (*may* carry isolated nouns) --> 8.) Reflexive too, but united to form a union, alliance, or federation (no lonely nouns)","**m. 10 nouns: maximum one-ness, being solitary / isolated",,,,,,,,,,,,
حرز,"protection, preservation, and securing a prized position or object so it cannot be lost, damaged, or taken","1.) Base: to be fortified, safe, or strongly guarded --> 4.) Causative: to achieve, score, secure (e.g., progress, points, victory), ""to bring something into a secure hold / to lock down an achievement"" -->","8.) Reflexive: putting yourself into a guarded, fortified state, ""to be careful / be wary""",,,,,,,,,,,,,
ازم,"extreme tightness, severe pressure, and critical tension where things become so constrained they reach a breaking point.","1.) Base: verbs obselete, but… historically, the root ازم referred directly to the jaw (and verb meant to bite down hard); Bedouins mapped this physical ""vise-grip"" onto their surroundings -->","2.) Causative: ""to actively pull the belt tighter or force a situation into a deadlock"" --> 5.) Reflexive: describes a situation pulling itself tighter and spiraling into a severe state, to get worse / become critical","**Keyword: مَأْزَق — Impasse / Predicament / Dilemma (literally ""a tight squeeze / bottleneck"").",,,,,,,,,,,,
اس,"establishing a ground floor, building a core framework, or grounding something on a solid baseline.",X,"2.) Denominative: ""To establish, found, or lay the foundation of (something)"" -- Transitive (takes a direct object) -- this root lacks a m.1 verb, therefore must be denominative",X,X,"5.) Reflexive: ""To be established, to be founded, to be based on"" -- Intransitive / Reflexive / Passive-like",X,X,X,X,X,,,,,
سلب,"originally described a long, narrow, straight path or a row of palm trees that had been stripped of their extra branches so they stood perfectly straight",1.) to deprive / deny -- the act of stripping branches/rocks to clear a narrow path is where this base root comes from,X,X,X,"5.) Reflexive: stripping away your own adornment and comfort, in order to wear mourning clothes ",X,"7.) Passive: if m.1 feels aggressive, can use this to describe the state of being stripped or deprived **Note: Hans Wehr may leaves out m.7 entries unless they have a highly specific, unique modern idiom.","8.) Reflexive: To snatch away, usurp, or seize something for oneself.",X,X,"Keyword: أسلوب = method, style (""an unobstructed path to walk on,"" ""a clear way of doing something,"" ""to have a specific method or artistic style means you have removed the clutter"")","Keyword: السَّلْب = In grammar and logic, this means negation or denial. It is the act of stripping a statement of its affirmative status (e.g., changing ""is"" to ""is not"")",,,
صر,"tightness, constriction, and rigidity","1.) ""to tie up/bind, to make a sharp sound (screech/chirp), or to grit/clench"" (ex. if a door is too hinge is tight, it will screech or creek -- however may also just be an onomatopoeia for screech/chirp)",X,X,"4.) Causative: ""to make oneself tightly bound / unyielding toward an position.""",X,X,X,X,X,X,"Keyword: إصرار = insistence (Persistence in an attitude or sin, derived from ""tying/binding"" one's resolve onto a decision without letting go)",Keyword: صُرَّة = bundle (A cloth tied tightly around money or goods to keep them enclosed),,,
عدو,"exceeding limits/boundaries—whether physically (running/crossing), militarily (aggression/enmity), or biologically (contagion/infection) -- ancient meaning is to run/gallop (you pass landmarks & cross boundaries)","1.) ""to cross a line, assault, or violate"" -- it is rarely used for its ancient meaning of ""physical running"" (words like jara or rakaḍa took over that job).","2.) Causative: ""to make someone/something cross over""","3.) Asymmetrical: ""to be hostile towards"" -- you are actively and intentionally ""overstepping boundaries"" against someone else","4.) Causative: ""to contaminate/infect"" -- causing a sickness to cross over","5.) Reflexive: ""to overstep/exceed"" -- actively pushing yourself past a set limit (numbers, boundaries, laws)","6.) Symmetrical: ""to harbor mutual enmity"" -- both sides have actively dug in their heels and crossed lines against each other -- note: dialect may use m.6 for getting infected (ex. mutual passing of germs)","7.) Resultative: ""to be infected"" -- it describes your body's transition into the state of illness, rather than an anonymous agent forcing it on you","8.) Reflexive: ""commit agression"" -- to place oneself in a state of overstepping",X,"10.) Seeking: ""to appeal / arouse"" -- you are actively asking or calling upon someone else to step over a boundary and attack an adversary on your behalf.","Keyword: عَدُوّ (Enemy): Literally ""the one who runs/gallops at you"" on horseback with weapons.","Keyword: ما عدا = not surpassing/except -- ex. the guests arrived, running past / leaving behind Zayed",,,
عصف,"raging winds, sudden violent upheaval, and sweeping forces that blow through a region.","1.) Base: to rage, blow violently (winds/storms) --> 4.) same as m.1, but m.4 here is used simply to add a layer of formal intensity to the action",,,,,,,,,,,,,,
ختم,The Core Image: Pressing a wax seal onto a document to secure and conclude it.,"1.) Base: literal stamping (visas, official papers) and ending/sealing events or tasks --> 8.) Reflexive: to conclude, finish (a speech, ceremony, meeting), ""bringing to a deliberate finish for oneself/one's agenda.""",,,,,,,,,,,,,,
اهب,"The core semantic thread of the root أ-ه-ب (أ هـ ب) is raw animal hide / protective skin, which evolved metaphorically into the concept of equipping oneself, donning armor, and getting ready for action.","1.) Base: no verb, ""this is a classic linguistic phenomenon in Arabic known as ""Al-Af'aal al-Khaliyah"" (الأفعال الخالية)—empty or dead verb forms."" --> ","2.) Causative: ""to equip / put on alert"" (causing someone to put on protective skin) --> 5.) Reflexive of 2: ""To brace oneself / get fully prepared for a major event""",,,,,,,,,,,,,
فوض,the absolute core concept of the root ف - و - ض is relinquishing personal control and hand-delivering authority to a trusted third party.,"1.) CRITICAL TRAP: Fāḍa means ""to overflow or flood"" (like a river bursting its banks). While it looks similar, it belongs to a different root (ف - ي - ض) -- the actual Measure 1 is 100% dead.","2.) Causative: ""To delegate, authorize, or empower"" -- an intense, causative action where a person or an institution officially transfers their own decision-making power to someone else.","3.) Asymmetrical: ""To negotiate, deliberate, or confer"" -- a directional interaction, from the idea of sending delegates (proxies who were given authority) to speak for the whole group.",X,X,"6.) Symmetrical: ""To conduct negotiations with one another"" -- simultaneous, cooperative or combative bargaining between equal sides. Rule: It must pair with the preposition مَعَ (maʿa - with)",X,X,X,X,"Keyword: فَوْضَى = Anarchy / Chaos / Disorder -- a situation where authority is completely uncontained, leaving people equal in power with no order or head.","Note: there's a lot of negativity in the measure one nouns, but after that, things are pretty neutral",,,
حصر,"This has a primary sensory origin: tight encirclement, narrowing, or confinement that restricts movement or prevents exit -- this evolved into things like limiting options, experiencing retention, etc","1.) Contextual: ""Counting or assessing damage"" or ""to restrict, surround, blockade"" -- authorities trying to confine/tally the losses; or metaphorically or literally encircling by setting rigid boundaries",X,"3.) Asymmetrical: ""To Besiege or Corner"" -- Actively closing off all exit routes around an enemy, area, or opponent",X,X,X,"7.) Passive: ""To be limited, confined, or narrowed"" -- something becomes encircled by a narrow boundary; It is almost always paired with the preposition فِي (in/to).",X,X,X,,,,,
جنز,"funerary rites, mourning rituals, and public or state burials.","1.) Base: obsolete, ""To conceal, cover over"" --> 2.) Causative: Carrying out the formal, structured process of laying a deceased person to rest.",,,,,,,,,,,,,,
خمن,"conjecture, intuition, hidden potential, and educated guessing—operating on subtle clues rather than hard, fully visible facts","1,) Base: obsolete, to harbor a hidden thought; to be obscure/concealed; to guess (classical) --> 2.) Intensive: actively piecing together unverified information to make a calculated guess or estimate",,,,,,,,,,,,,,
ذوق,"shifts seamlessly from literal physical tasting to metaphorically sampling or experiencing something firsthand (like tasting defeat or freedom), and finally to cultivated taste and artistic appreciation.",1.) Base: to taste / sample / experience (Often Negative / Passive) --> 4.) Causative: To make someone taste or experience something (Active / Highly Negative) -->,"5.) Reflexive: To savor, relish, appreciate (art/music), or taste slowly -- engaging deeply with the experience of tasting or enjoying something refined (Active / Positive)",,,,,,,,,,,,,
راي,"light, clarity, perception, and perspective. Think of it as a journey from physical eyesight to internal insight.","1.) Base: To see, to view, to look at, or to think/consider --> 4.) Causative: To show, to demonstrate, or to make someone see --> ","6.) Mutual: To appear, to seem, to come into view, or to look at one another (mutual interaction of sight between the observer and the observed) -- ex. describing from a distance (e.g., ""It appeared to him"")","**Keyword: رأي = opinion (in Arabic philosophy and language, an opinion (ra'y) is simply a mental sight)",,,,,,,,,,,,
ظرف,"A vessel, pouch, or casing that holds something inside -- two core branches: A.) Holding an item inside, or holding an event inside a framework && B.) metaphorical ""casing"" or social grace (charm, wit, etc)","1.) Base: To be elegant, charming, witty, clever, or graceful; to possess refined manners --> 2.) Causative: ""to make something charming"" ",,,,,,,,,,,,,,
مهر,"a young horse (مَهْر) is defined by swiftness, agility, and natural aptitude, which mirrors the mental sharpness and dexterity of a skilled craftsman (مَاهِر).-- in Bedouin culture, a fine foal was of high value","1.)  ""To be skilled, proficient, expert, or adept in something (fī / bi)"" or ""to give a dowry"" -- the a young horse is agile/skilled, and a young horse is valuable","2.) Causative: ""to make someone skilled"" or ""to train someone.""","3.) Asymmetrical: ""to vie in skill with"" -- directing your skills at another person to see who is more skilled.","4.) Causative: ""to give a dower (to the bride) / To settle/assign a dowry upon someone"" -- causing/providing her with a dowry","5.) Reflexive: ""to make oneself skilled"" or ""to become skilled""",X,X,X,X,X,"Keyword: مُهْرَة = foal / a young horse -- Muhrah is also a popular traditional female name in the Arab world, evoking grace and swiftness.",,,,
شرف,"honor, nobility, elevation, and high status -- in ancient architecture, the shurfah was the highest point of a fortress wall where guards stood to overlook the land.","1.) ""to be noble / be distinguished"" -- The foundational state of possessing moral or social elevation.","2.) Causative: ""To bestow honor upon, to grace with one's presence"" -- Actively elevating someone's status, or bringing honor/prestige to an occasion or person.",X,"4.) Incohative: ""to oversee / supervise / manage"" -- The moment you step into the role or onto the ledge, you cross a clean line and enter a state of elevation/oversight relative to the target below you.","5.) Reflexive-2: ""To be honored, to take pride in, to be privileged"" -- Receiving honor internally; feeling elevated by an encounter (tasharrafnā = pleased to meet you).",X,X,X,X,"10.) State: ""to look forward to / anticipate the future."" -- You break away from the present moment and enter a state of visionary foresight (mentally climbing to a high vantage point to see what is next)",,,,,
فرض,"historical meaning of the root: ""to notch, cut, or incise a hard object"" -- it evolved to mean imposing a fixed duty, decree, or legal obligation (something ""carved in stone"" that cannot be easily erased)","1.) ""To impose, dictate, prescribe, or assume"" -- Carving/marking out a required duty, tax, rule, or assumption that must be adhered to.",X,X,X,X,X,X,"8.) Reflexive: ""To assume, hypothesize, or suppose"" -- Mentally ""setting/carving"" a baseline premise or hypothetical condition to build an argument upon.",X,X,,,,,
فكر,"Ibn Faris explicitly defines it as ""the repetition of the heart/mind over a thing to grasp it.""","1.) Base: obsolete, meaning to ponder, reflect, or meditate upon something --> 2.) Intensive: To think / deliberate (Outward toward a problem, Everyday decisions, logic, planning) --> ","5.) Reflexive of 2: takes that thinking and turns it inwards, ""To ponder / meditate"" (Philosophy, nature, spirituality -- Experiencing awe or deeper understanding)",,,,,,,,,,,,,
نسخ,"Whether copying a text or repealing a law, the original form is reproduced or replaced without losing its structural identity.","1.) Base: To physically photocopy, rewrite, or hand-copy text --> 8.) Reflexive: To copy, make a copy of, transcribe (often synonymous with Form I in copying context BUT ""to take/extract a copy for oneself"") -->","10.) indicates seeking or generating an exact replicate of an original template. In Modern Standard Arabic, this is the main word for photocopying (istinsākh) and biological cloning.",,,,,,,,,,,,,
سعى,"AIF: links the root to the word السِّعَايَة (al-Siyā‘ah), which historically referred to the job of collecting charity taxes -- the job required constant traveling and physical striving across lands to gather dues","1.) Base: to strive, pursue, or work earnestly toward a goal -- can be used in a negative way (since ""work intensely hard for something,"" pairing it with a negative goal means actively, passionately engineering it)",,,,,,,,,,,,,,
خشى,fear -- other meanings are metaphorical extensions built upon this (lexicographers often distinguish this from standard fear (khawf) as a type of awe-filled fear rooted in knowledge ('ilm) of the subject),"1.) HW: To fear, be afraid (of something/someone) --> 2.) Causative: Makes another person feel afraid --> 5.) Reflexive: Implies internal, overwhelming panic --> 8.) mostly used in dialect",,,,,,,,,,,,,,
صرف,AiF: a single foundational core indicating the turning or returning of a thing from one direction/aspect to another.,"1.) HW: To turn away, divert, avert, turn (something/someone from a direction or course), To spend, expend, employ, pay out (e.g., money, effort, time) --> ","2.) Intensive: Example: In finance, instead of just spending a dollar (Form I), you are converting or exchanging currencies (Form II)—an intensive process of transforming money from one state to another.) -->","5.) Reflexive of 2: instead of ""direct, manage, or steer something else"" -- When you manage yourself, your actions, and your choices, you are behaving or acting --> ","7.) Passive of 1: If a teacher dismisses (صَرَفَ) a class, the class leaves/is dismissed (اِنْصَرَفَ). ",,,,,,,,,,,
اسر,"AiF: indicating tight binding, fastening, and securing tightly. The Strap (Al-Isār — الإِسَار): The leather strap or cord used to tightly bind a camel's saddle or secure a prisoner -- see keywords for more","1.) Means to capture, take prisoner, or bind (e.g., in news reports); Figurative Charm: Frequently used to mean ""to captivate"" or ""to charm"" someone's heart or attention ","**Keyword: اسرة = family (A family is a group of people who are bound together by a common bloodline, responsibility, and strong mutual ties.)",**Keyword: Prisoner (Al-Asīr — الأَسِير): Called an asīr because they were traditionally bound with leather thongs (isār).,"**Keyword: Anatomy/Constitution (Al-Asr — الأَسْر): Refers to human physical build, frame, or joint structure, as in ""tightly knitted together"" (shadeed al-asr).",,,,,,,,,,,
مرن,"flexibility within firmness, and persistence/continuity in something.","1.) ""To be flexible, pliable"" (e.g., leather, body part); ""To become accustomed, habituated, or seasoned"" (to a task or hardship) "," 2.) Causative: ""To train someone else, to coach"" -- causing something to be flexible yet firm",X,X,"5.) Reflexive: ""To train oneself, to practice, or to exercise"" -- make oneself flexible yet firm",X,X,X,X,X,"Keyword:  المَارِن = The soft, cartilaginous lower portion of the nose—firm enough to hold shape, pliable enough to yield.",,,,
جمد,the shift from fluid movement to motionless rigidity.,"1.) Means to freeze or solidify. However, for literal freezing in daily modern media or science, people often prefer the Form II verb جَمَّدَ (to freeze something) or Form V تَجَمَّدَ (to become frozen).",2.) Causative,5.) Reflexive,"Keyword: Barren Year (Sanah Jamād — سَنَةٌ جَمَاد): A year with no rain, where growth and moisture have completely stopped/frozen.",Keyword: Dry/Tearless Eye (Al-Jumūd — الجُمُود): Said of an eye that fails to weep when hit by sorrow ('ayn jamād — an eye cut off from tears).,"Keyword: Inanimate Objects (Al-Jamādāt — الجَمَادَات): Solid, inanimate matter (rocks, minerals) that possess no movement or growth, standing in contrast to living, fluid things.",,,,,,,,,
لخص,"stripping away the surrounding fluff to extract the pure, dense core substance",1.) Obsolete -- not even in Hans,"2.) To summarize, outline, abstract, or condense.","5.) Reflexive/intransitive: ""to be summarized"" ",,,,,,,,,,,,
قطع,"This root carries a clear, sharp physical core: cutting, severing, separating, or breaking off.","1.) Contextual: ""To Cut / Interrupt / Cross"" -- This is the base form, used for both literal cutting and everyday abstract situations.","2.) Intensive: ""To chop up, shred, cut into many pieces"" -- Multiplying the basic action of Form I; repeatedly severing an object into multiple parts.","3.) Asymmetrical: ""To boycott; to interrupt (someone speaking); to break off relations with"" -- Directing a ""severance"" toward an external party (cutting off a seller, speaker, or relation).","4.) Rare: ""To Grant Land / Feoff"" -- To cause a piece of territory to be ""carved/cut off"" and assigned as a personal holding; less common but appears in historical contexts, legal property language, etc.","5.) State: ""to be severed / be interrupted"" -- The internal state of being severed repeatedly or broken into disconnected fragments.","6.) Collective: ""To Intersect / Overlap"" -- Two or more lines/paths ""cutting across"" each other","7.) Passive: ""to be severed / be interrupted"" -- The state of being severed without an explicit external agent mentioned.","8.) Benefactive: ""To cut out a portion (for oneself)"" -- Physical Extrication: Carving or ripping a piece out of a whole; Examples: Sequestering land, tearing a coupon, cutting a quote out of context.",X,"10.) Utilization: ""To Deduct / Withhold"" --  Systemic Exaction: Utilizing rules to automatically claim a share; Financial/Administrative: Withholding taxes, automatic bank account deductions, payroll subtractions.",,,,,
فصح,"AiF: the pure, unadulterated nature of a thing and its freedom from contamination/impurities","1.) To be eloquent, articulate, or fluent:","4.) Causative: to express clearly / make plain (""to cause something to be clear"" or ""to make clear/disclose"")",Keyword: أَفْصَحَ الصُّبْحُ (afṣaḥa aṣ-ṣubḥ): The break of day when dawn's true light cuts through the hazy darkness.,"Keyword: اللِّسَانُ الفَصِيحُ (al-lisān al-faṣīḥ): An articulate, fluent tongue that expresses thoughts directly without impediment, stuttering, or foreign corruption.",,,,,,,,,,,
حجج,"Based on modern real-life MSA usage, we can cleanly bypass Ibn Faris' classical split and unify this root under a single, brilliant core concept: ""The unyielding path toward a definitive target.""","1.) ""To Make Pilgrimage (Religious Only)"" -- taking an ""unyielding path"" toward a sacred or central location.",X,"3.) Asymmetrical: ""To argue with, debate, or dispute against someone"" -- directing your energy on an ""unyielding path"" in order to argue/debate/dispute",X,X,"6.) Symmetrical: ""To debate or dispute mutually with one another"" -- A group or two parties engaging in a continuous, shared contest of arguments.",X,"8.) Benefactive: ""to protest"" -- taking an ""unyielding path"" in order to argue/debate/dispute for your own benefit or stance",X,X,"Keyword: حُجَّة = evidence -- something so undeniably solid that it blocks all side-tracks, exits, or room for negotiation. It forces the listener's logic down a single, unbending path straight to your conclusion.",,,,
نقط,"A singular, isolated, minimal unit of mark or liquid that marks a specific position; AiF: tiny specks, marks, or distinct small signs on something",1.) To dot or add diacritical marks to letters (نَقَطَ الحُرُوفَ (naqaṭa al-ḥurūf) — He dotted the letters); To drip or drop liquid (نَقَطَ المَاءُ (naqaṭa al-mā') — The water dripped/leaked drop by drop.),"Keyword: In Geography/Military: A checkpoint is a نُقْطَة because it is a tiny, precise, isolated pin on a map where movement stops.","Keyword: In Argumentation: A ""point"" in a debate (نُقْطَة) is a single, distinct piece of focus carved out of a broader conversation.",,,,,,,,,,,,
لهج,"AiF: indicating intense fondness/devotion to something, habitual repetition of it, and a physical thing moving inside the mouth.","1.) Classical Arabic used lahija ""to be eagerly attached to something,"" modern MSA: To speak of something constantly, to praise something repeatedly, or to utter something spontaneously.","Modern Example: لَهَجَ لِسَانُهُ بِالشُّكْرِ (Lahaja lisānuhu bi-sh-shukr) – ""His tongue flowed with gratitude"" (He couldn't stop thanking them).","Linguistically: A لَهْجَة (dialect) is literally the distinct, habitual way a specific group's tongue moves and shapes sound every time they speak.",,,,,,,,,,,,
سوق,"The physical sensory origin lies in driving cattle or animals from behind to move them forward -- evolved into vehicle operation, commerce (where goods are ""driven"" into circulation), sequential progression, etc","1.) ""to drive / lead / direct"" -- Directly impelling a creature, vehicle, or event forward","2.) Denominative: ""To market, promote, commercialize"" -- denominative because it doesn't not mean ""to drive intensely"" or ""cause someone to drive"" -- it was born from the noun for marketplace سُوق","3.) Asymmetrical: ""to accompany / keep pace with, go along with"" -- one-way effort to match, keep pace with, or conform to something else that is usually seen as the standard or the moving force",X,"5.) Reflexive-2: ""To go shopping, browse markets"" -- Engaging directly in marketplace activity","6.) Symmetrical: ""to harmonize and align with something else"" -- When two or more things align or agree logically (e.g., policy alignment or data consistency).","7.) Passive-1: ""To be driven, carried away, yield to"" -- Being impelled or swept along by a force or argument -- example:  لَا تَنْسَاقْ وَرَاءَ الشَّائِعَاتِ = ""Don't be carried away by rumors.""",8.) Rare,X,X,Keyword: سَاق = Leg -- the limb that drives and propels the body forward,"Keyword: سُوق = Marketplace -- traditionally a place where livestock and goods were driven for trade. Feminine in classical usage, often masculine in MSA.","Keyword: سِيَاق = Context -- The thematic ""drive"" or continuous thread running through a sentence or situation",,
فحو,"Just as the aroma of the spices rise from a dish to tell you what kind of meal it is, the فَحْوَى of a sentence is the essence that rises out of the words to indicate their substance.","1.) Frozen: In Arabic morphology, some roots are frozen or non-productive for verbs but stay heavily active for a specific noun. In this case, the noun is فَحْوَى = content, substance",X,X,X,X,X,X,X,X,X,,,,,
صدر,"The front-facing origin point that moves, projects, or radiates outward into the world ( الصَّدْر : The human chest—the prominent front part of the body that faces forward and leads your momentum when you walk)","1.) To go out, to emanate, or to originate from a source (Intransitive -- m.4 is transative)","2.) Causative: To make something go out to the front, or to send something out from its origin (Transitive) -- Economic Exporting (Physical Goods), Placing at the ""Front / Chest"" (Physical or Structural)","3.) Negative: ""to confiscate; to be confiscated"" -- think of the noun صَدْر (chest/front)… stand chest-to-chest in opposition… ""standing against someone to block their claim"" evolved into seizing their assets","4.) Causative: ""to issue / publish"" -- used almost exclusively for official decrees, legal documents, statements, publications, and sounds.","5.) Reflexive: ""to preside / lead / head"" -- bring that ""frontness"" back to oneself: to top, to lead, or to occupy the front position.",X,X,X,X,"10.) Seeking: ""to obtain, to procure, or to bring about the issuance of something"" -- while an authority issues (أصْدَرَ) a document, an individual seeks and secures its issuance (اِسْتَصْدَرَ)",,,,,
ودع,"This root revolves around leaving something at rest so it suffers no harm or agitation. From here, is evolved into three main branches: Safekeeping/Trust, Parting/Farewell, and Gentleness/Quiet","1.) ""To leave, let alone, abandon, cease"" -- The baseline act of stepping back and leaving an object or situation undisturbed.","2.) Intensive: ""To bid farewell, see off, say goodbye"" -- Actively honoring someone at their departure as they leave one's presence.",X,"4.) Causative: ""to deposit / entrust"" -- to cause something to ""sit still"" or be stored away in a designated receptacle; this is practical, modern, and bureaucratic (ex. transferring an asset into a secure system)",X,X,X,X,X,"10.) Seeking: ""To entrust (to God/a person), commit to care"" -- to request that a specific guardian watch over something precious; unlike m.4, this is emotional and/or spiritual.","Keyword: وَدَاعَة = gentleness, meekness -- Classical abstract noun for a comfortable, undisturbed lifestyle","Keyword: الدَّعَة (ad-daʿah): Comfort, quietness, and freedom from toil/disturbance.",,,
فوت,"According to Ibn Faris (Mu'jam Maqaayees al-Lughah) this root has a clear primary principle: the inability to reach, grasp, or overtake something as it moves past.","1.) ""To pass by, elude, miss (a train/opportunity), expire"" -- The baseline motion of something escaping reach or slipping past.","2.) Causative: ""To cause to miss, deprive someone of"" -- Actively causing an opportunity or item to slip away from another.",X,X,X,"6.) State: ""to differ / vary"" -- when multiple objects or values miss each other or leave each other behind, they create a state of widespread disparity.",X,"8.) Negative: ""to act without consultation or to fabricate a lie; to violate / infringe"" -- you are making someone ""miss"" the chance to speak for themselves for your own benefit",X,X,Keyword: مَوْت الفَوَات = Sudden death -- Classical term for sudden death that catches someone before they can prepare or repent,,,,
جرب,"The modern core concept is testing, trying out through experience, putting to the proof. Possible origin is that before buying a camel, bedouins had to test to make sure it wasn't hiding  جَرَب (scabies/mange).","1.) ""To have scabies/mange, become rough"" -- The baseline physical state of suffering skin irritation or roughness.","2.) Denominative: ""to test / try / attempt"" -- Originally to treat an animal for mange, but it evolved to mean Actively subjecting any sort of product/idea/person to a practical test.",X,X,X,X,X,X,X,X,Keyword: جِرَاب = bag / pouch -- a container traditionally made of rough animal skin,,,,
همم,"At its origin, it onomatopoeically mimics low-pitched audio (ex. the soft humming of bees). From here, it branches into psychological focus (""buzzes"" in the mind) and emotional weight (""buzzes"" in the heart).","1.) ""To Intend / Be About to Do Something"" -- the raw, unrefined version of the root -- a thought has weighed heavy enough on your mind that you are mobilizing to do it",X,X,"4.) Causative: ""To stress/concern someone -- Placing a weight of importance or worry upon someone's mind; An event or topic forces itself onto a person (the problem is the subject doing the action)",X,X,X,"8.) Reflexive: ""To care about, pay attention to, be interested in"" -- Internalizing focus and care; A person actively chooses to invest their mental energy into something; it must pair with the preposition بـ (bi-)",X,X,"Note: The root ه-م-م is just a container for heavy mental energy. If that energy crushes you from above, it is a هَمّ (negative anxiety). If that energy drives you from within, it is a هِمَّة (positive ambition).",,,,
نول,"The classical physical image stems from extending the arm to deliver a favor, gift, or item (nawāl).","1.) ""to attain, to get, or to achieve."" -- Reaching out and successfully gripping or acquiring a goal or prize","2.) Causative: ""To grant, bestow upon, give"" -- Actively extending a favor, gift, or award to someone else.","3.) Asymmetrical: ""to hand over / deliver"" -- this requires a physical actor delivering an object directly to a recipient (it is focused on the interaction between the giver and the direct receiver)",X,X,"6.) Reflexive: ""To consume (food/drink), address (a topic), treat/discuss"" -- if m.3 is to hand over, then m.6 is to hand it to yourself (whether ingesting food, mentally grasping a subject, etc)",X,X,X,X,Keyword: أَنْوَال = looms -- an object used by weavers to pass threads back and forth systematically,,,,
جدل,"Whether you are weaving a rope or weaving an argument, this root boils down to multiple forces tightly twisting, competing, or binding together -- and/or the structural firmness which results from that.","1.) ""To braid, plait, twist (hair/rope)"" -- The baseline physical action of intertwining strands into a tight cord.","2.) Intensive: implies braiding tightly, weaving intricately, or doing it repeatedly (like braiding an entire head of hair into many plaits).","3.) Asymmetrical: ""To argue with, debate, dispute with"" -- each person tries to ""out-twist"" or untie the opponent's logic, weaving a tighter counter-argument to trap them (must specify who is being argued with)",X,X,"6.) Symmetrical: ""To argue with each other / clash"" -- Mutual exchange of opposing arguments between multiple parties (No direct object: the action stays within the group)",X,X,X,X,"Keyword: مَجْدُول = Braided, twisted, or firmly structured (also the source of the famous Medjool date variety, referring to its dense, firm flesh).",,,,
عرق,"According to Ibn Faris (Mu'jam Maqaayees al-Lughah), this has a clear physical origin: the subterranean root of a tree or plant (ʿirq), extending, branching, and drawing moisture from deep soil.","1.) Denominative: ""To sweat, perspire"" -- moisture emerging from the roots beneath our skin","2.) Causative: ""to make sweat"" -- Dictionaries may list this as being root-related, but it is not typically used this way IRL; example: in culinary MSA, this means to sauté until its internal juices/sweat seeps out.",X,"4.) Stative: ""To be ancient / deep-rooted"" -- Usually seen as the massive adjective عَرِيق (ancient); Possessing ancient, deep-seated lineage or roots in a region/culture.","5.) Contextual: ""to take root (botanical); AND to sweat profusely (human biological process)"" -- Reflexive, either to sprout deep roots or The body actively generating perspiration across the skin surface.",X,X,8.) Rare,X,"10.) Rare: Ancient Meaning A (Biological): ""To take deep, permanent root"" && Ancient Meaning B (Geopolitical Slang): ""To become culturally Iraqi"" ",Keyword: الأَعْرَاق = races / ethnicities -- Your ethnicity is the specific ancestral vein/root which you sprout from. ,Keyword: العِرْق = blood vessel -- a root through which blood flows,,,
رمز,"the transmission of meaning without direct, plain explanation -- taking a complex idea, message, or piece of data and compressing it into a compact, indirect representation.","1.) ""To symbolize, signify, stand for, or represent a concept"" -- This is your absolute baseline verb. It is used whenever an object, color, or logo represents an abstract idea. It requires the preposition إِلَى (ilā).","2.) Causative: ""To encode, categorize with symbols, format into code, or tokenize"" -- may not be in the Hans, but may see this in technological contexts",X,X,X,X,X,X,X,X,"Keyword:  تَرْمِيز = the standard technical word for character encoding, like UTF-8, or coding systems",,,,
قمر,"Long before MSA, the word قَمَر (moon) existed as a concrete, physical object. The word for moon ( قَمَر ) itself was based on an ancient Semitic root denoting ""whiteness"" or ""pallor.""","1.) Rare: ""to gamble; to become snow-blind; To be moonlit / white"" -- this is highly contexual AND its IRL status is 100% Dead. Do not waste brainpower trying to memorize or conjugate Form I.","2.) Rare: ""To toast"" -- causative action of making something look like the moon (Exposing bread to heat until it turns a light, golden-pale hue)","3.) Asymmetrical: ""To Gamble (The Activity) -- before electricity, people would gather at night in the moonlight to play games of chance; ""Player A gambled against Player B.""",4.) Rare,X,"6.) Symmetrical: ""To Gamble with Each Other"" -- a group of people ""playing moonlight games;"" in relation to m.3, this is Player A and Player B gambled with each other.",X,X,X,X,,,,,
مرر,Imagine a heavy rope being pulled through a narrow wooden pulley: this gives us passing by/the flow of time && the friction is what bitterness feels like on your tongue && this action requires strength/firmness.,"1.) ""to pass / go through"" -- The baseline motion of passing across space or time moving forward.","2.) Causative: ""To pass (a ball/bill), route, slip through"" -- Actively causing an item, law, or object to pass through a barrier or to another person.",X,"4.) Denominative: ""to make bitter"" -- In modern journalism, it is heavily used metaphorically to describe a situation ruining someone's mood","5.) Reflexive-4: ""To become embittered, resentful, or sour about a situation."" -- The subject absorbs bitterness or emotional resentment over an experience.",X,X,X,X,"10.) Intensive: ""To continue, persist, go on"" -- instead of merely passing through, the subject sustains its motion or state continuously over time without interruption.",,,,,
سود,"Although the core meaning revolves around Density, Prominence, and Overarching Presence; this root started with color black (a color which covers / absorbs everything under it) ","1.) ""to rule, to master, to hold sway, or to prevail"" -- Standing out as the master or dominant presence/force, just as a dark silhouette stands out starkly against a background","2.) Contextual: ""To make a rough draft of a document; or To blacken/ruin someone's reputation"" -- you're either ""blackening"" a clean sheet of paper with ink, or you're bringing intense dishonor upon someone.",X,X,"5.) Incohative: ""To assume leadership, ascend to a throne, or become the master of a tribe/organization."" -- entering the state of being a leader, ruling over the dense masses",X,X,X,"9.) Color: ""To turn completely black, darken"" -- The subject undergoes a complete chromatic shift to black (e.g., sky, face, room).",X,"Keyword: سَيِّد = leader -- the person who leads or commands this collective body (In desert optics, a dense gathering of people or cattle appearing together in the distance looks like a prominent ""dark mass"")",,,,
نصب,"""The Root (N-Ṣ-B): The Nun, the Sad, and the Ba form a single primary origin which signifies the raising of something, erecting it, and fixing it upright (إِقَامَةُ الشَّيْءِ وَبِرَازُهُ فِي اسْتِوَاءٍ).""","1.) Vowel split: نَصَبَ / يَنْصِبُ (Action Verb) = ""To set up, erect, pitch"" and نَصِبَ / يَنْصَبُ (State / Feeling Verb) = ""To be tired, exhausted, or strained."" derived from the strain of standing upright for long periods","2.) Causative: ""to install / raise / appoint"" (human: into roles, ranks, or offices -- objects: shifts from simple erection to assembling, installing, or establishing complex systems)","3.) Negative: ""to be hostile"" -- you are ""erecting a barrier / standing upright in opposition"" with an adversary. Instead of pitching a tent, you are setting up your stance against someone else, making hostility.","4.) Causative: ""to exhaust / wear out"" -- Recall that in Form I, the intransitive/stative verb naṣiba (نَصِبَ) means ""to be tired/fatigued"" -- it shifts from feeling fatigue to causing fatigue in someone else",X,X,X,"8.) Reflexive: ""to rise / be upright / be appointed"" -- however, speakers will almost exclusively understand it in its primary physical or posture sense: ""to stand up tall,"" ""to straighten up,"" or ""to rise upright.""",X,X,,,,,
حمس,"""The Root (Ḥ-M-S): The Haa, the Meem, and the Seen form a single primary origin which signifies intensity, hardness, and strictness in a thing (الشِّدَّةُ وَالصَّلَابَةُ فِي الشَّيْءِ).""","1.) to be enthusiastic, to grow fierce, or to become excited.","2.) Causative: ""To excite, to fire up, to motivate someone.""",X,X,"5.) Reflexive: ""to be enthusiastic / be overzealous"" -- you're accepting/generating that excitement within yourself, it describes the process of becoming eager, energized, or passionate about something specific.",X,X,8.) none,X,X,"Keyword: حَماس = like the terrorist group -- their name is an acronym, but they didn't choose the acronym randomly; literally means zeal, fervor, enthusiasm, or martial bravery/passion.",,,,
زين,"""The Root (Z-Y-N): The Zay, the Ya, and the Noon form a single primary origin which signifies the opposite of ugliness/marring (خِلَافُ الشَّيْنِ), representing the enhancement and beautification of a thing.""","1.) ""to adorn, to beautify, to grace, or to make something look good."" -- The basic, simple action of beautifying. It often carries a poetic or abstract nuance (e.g., ""his manners beautified him"").","2.) Intensive: it implies a deliberate, multi-step process of putting up decorations -- example: ""The people decorated the streets"" (an intensive act involving hanging lights, banners, etc. everywhere).",X,X,"5.) Reflexive: ""to be embellished / be decorated"" -- The subject performs the action of beautifying on themselves.",X,X,8.) Acquisitive: To be decorated / To be graced -- the subject is taking on this beautiful state for its own benefit or display.,X,X,"Note: القفز بالزانة ""pole"" is under the root زان which has no verbs -- Historically, الزان refers to the beech tree (a type of hardwood traditionally used to make spears, staffs, and early athletic poles). The individual pole itself is called a زانة (zānah)",,,,
لعب,"""[...] a single primary origin: that which flows or drools from the mouth (سَيَلَانُ الشَّيْءِ مِنْ الْفَمِ), and from this comes play/sport, because play is continuous movement that flows without a fixed rule, similar to drool.""","1.) ""to play, to sport, to joke, or to amuse oneself"" -- re: to joke, carries a shade of ""fooling around"" or ""teasing"" rather than telling a formal punchline.","2.) Causative: ""To cause someone to play"" -- Often carries a more hands-on, physical, or intensive meaning. This is why it uniquely extends to physical actions like ""to wag/move a limb.""","3.) Asymmetrical: To play with someone, to banter/flirt/dally with.",X,"5.) Reflexive-Repetative: ""to play, act playfully"" -- focuses on repeated, idle, or self-absorbed play (one person dallying/amusing themselves).","6.) Contextual: ""To play around with each other"" or ""to act fraudulently"" (this m.6 can be symmetrical OR it can be negative, depending on context).",X,X,X,X,,,,,
قوي,"Concentration of force to endure/exert pressure (example: raw physical power, to the harsh severity of empty wasteland)","1.) ""to be strong, powerful, robust, vigorous, or potent."" -- in relation to m.5, here the focus is simply on the fact that the subject is strong, or grew strong as a complete, unified fact.","2.) Intensive: ""To strengthen, fortify, reinforce, or back up."" -- Context: Physically building strength, reinforcing an army, or strengthening a connection (e.g., qawwā al-'alāqah = ""strengthened the relationship"").",3.) Rare,4.) Rare,"5.) State: ""To be strengthened, or to draw strength/sustenance (usually paired with bi-)."" -- in relation to m.1, this state is an active process; due to the preposition, you must state what it is drawing strength from.",X,X,8.) Rare,X,"10.) Contextual: ""to bully (with عَلَى)"" or ""to leverage an ally (with ب ) -- either a negative verb where the subject is abusing their strength, or a seeking verb because the subject is seeking external strength.","Keyword: قَوَاء = Empty space, desolate land, or a place completely stripped of water, vegetation, and life (a terrain reduced to its unbreakable base -- to survive it is to be tested against the ultimate severity)",,,,
عزز,"""The [letters] ʿAyn and Zāʾ form a single true core principle, indicating intensity/hardness, strength, and what resembles them of prevailing and overcoming.""","1.) ""To be hard or difficult"" needs preposition (عَزَّ عَلَى) -- an action or situation is painful, tough, or hard for someone to bear -- this m.1 has other meanings, but this everyday speech, expressing sympathy or regret.","2.) Causative: ""to strengthen / reinforce"" -- a concrete physical or abstract thing (used in professional, political, daily news) -- to make it hard",X,"4.) Causative: ""To honor, exalt, make dear"" -- living beings, people, or entities with honor (used in Classical, emotional, personal, religious) -- strengthen/harden their position in the world","5.) Reflexive: ""to be strengthened / be reinforced"" -- the action reflects back onto the subject.",X,X,"8.) Reflexive: ""to be proud"" -- you are anchoring your own personal strength/honor to an external source. ",X,"10.) Rare: if you see this word, it is usually a deliberate stylistic choice by a writer using highly poetic, or deeply classical language. IRL, stick to عَزَّزَ for strengthening and اِعْتَزَّ for pride.",,,,,
قيم,"Modern dictionaries say this is a separate root with only an m.2 verb -- however, Ibn Faris saw ""evaluation"" as being related to ""standing upright, balance, and stance"" … so he classified this under قوم",X,"2.) Denominative: ""to evaluate / assess / rate""",X,X,X,X,X,X,X,X,"Keyword: قِيمَة = ""Value / Worth"" -- this is the foundation for this root; because this noun looks and sounds like it's built قيم modern Arabic coined قَيَّمَ as it's own root to specifically mean ""to evaluate / appraise.""",,,,
قوم,"It conveys the transition from a passive/flat state to an active, upright, and established state. From this physical sense of ""standing tall,"" the root branches out naturally.","1.) ""to stand/rise"" or more often ""to undertake / carry out"" with preposition ب -- the imagery in the Arabic mind is: the subject stood up on their feet, and took the burden of the task to execute it.","2.) Causative: ""to straighten"" -- focuses on fixing a state to make it straight, proper, or balanced.","3.) Negative: ""to resist / oppose"" -- to stand up against someone ","4.) Causative: ""bringing something into existence (install/establish), executing an event, or staying in a place"" -- aka Making something exist / stand up",X,X,X,X,X,"10.) State: ""to be straight / be right"" -- entering into a permanent upright state",Keyword: تَقْوِيم = calendar (straightening/organizing/aligning time),"Keyword: قائمة = list -- aka something that ""stands"" as proof or reference for items, accounts, or names.",,,
نشط,"unbound agility, brisk motion, and dynamic release -- It conveys the state of being free from stiffness, lethargy, or physical/mental restrictions, allowing energy to flow into action.","1.) ""to be active / be energetic""","2.) Causative: ""To stimulate, energize, activate, invigorate"" -- You are actively applying energy to break sluggishness in another entity.",X,"4.) Hans lists 2 and 4 together -- of course there are other meanings, but there's no shortage of comprehensive dictionaries -- my goal is to be concise: allegedly IRL people use m.2 and this is barely used","5.) Reflexive: ""To become active, to cheer up, to get energized, or to be revitalized""",X,X,X,X,X,"Keyword: مُنْشِط = tonic -- any substance, drink, or medication that reinvigorates the body",,,,
جول,"""The letters Jīm, Wāw, and Lām form a single true core principle indicating circling, revolving, and wandering around (طَوَاف وَدَوْرَان).""","1.) ""to wander / be engrossed"" -- physical space, it means to wander, tour, or circle through a realm // mental space, your mind is wandering to the point that you're engrossed","2.) Intensive: ""to travel / cruise"" -- while m.1 means to wander (physically or mentally), m.2 means to ""wander extensively"" ",X,"4.) Causative: ""To make something revolve, cause to circulate, or turn something over in one's mind."" Example: أَجَالَ الفِكْرَ (Ajāla al-fikr): ""He caused his thought to circulate.""","5.) ""To stroll, wander around casually, sightsee, or walk about for leisure."" -- note that it's reflexive of 2, if you're wondering how it differs from m.1",X,X,X,X,X,"Keyword: الجَوْل = is an active noun meaning dust, sand, or pebbles that are picked up and swept around in circles by the wind -- foundation of this root?","Keyword: الجَوْلَان = like Golan Heights -- ""the windswept / dust-circling highland."" Also: the placename long pre-dates modern Arabic, appearing in the Hebrew Bible as גּוֹלָן (Gōlān).",,,
حجز,"interposition, confinement, and locking down a boundary -- can be physical act of ""putting up a wall between two things;"" or legally/administratively ""setting something aside so others cannot touch it.""","1.) ""To separate, partition, restrain, impound, or reserve/book."" -- ",X,X,X,X,X,X,"8.) Acquisitive: ""To detain, withhold, or retain for oneself"" -- you're placing a boundary around something else for your own benefit -- may have unilateral vibes",X,X,,,,,
حسم,"""The letters Ḥāʾ, Sīn, and Mīm form a single true principle indicating cutting off, severing, or putting an end to something (قَطْع).""","1.) ""to cut off / finish / bring to an end"" -- Requires an agent doing the cutting/settling.",X,X,X,X,X,"7.) Passive: ""to be cut off / be finished / be settled"" -- focuses entirely on the outcome without emphasizing the agent.",X,X,X,"Keyword: الحَسْم (al-ḥasm) was originally the act of cauterizing or cleanly severing a wound or limb to stop bleeding or infection—literally ""cutting it off so it cannot return.""","Keyword: حَسْم = discount -- Literally ""cutting off"" a percentage or dollar amount from a total price (a discount) or paycheck (a deduction).",,,
خصم,"""[…] form a single true principle indicating the extreme edge, corner, or side of a physical object (طَرَف). Then, that physical concept is borrowed metaphorically to describe dispute and contention (مُنَازَعَة).""","1.) ""To Deduct / Discount / Subtract"" [Transitive - Very Common IRL] -- think of the ""edge"" symbolism: this verb can be metaphorically seen as slicing off an edge / portion",X,"3.) Asymmetrical: ""to argue / litigate"" -- standing edge-to-edge with someone in order to dispute and/or bring legal action against them",X,X,"6.) Symmetrical: ""to argue / litigate"" -- to engage in a mutual feud, fall out with one another, or take each other to court.","7.) Passive: ""to be deducted / be subtracted""","8.) Acquisitive: ""to quarrel / conflict"" -- engaging for one's own interests; Example: اِخْتَصَمَ الشَّرِكَةَ أَمَامَ القَضَاءِ  ""He brought legal action against / sued the company before the court.""",X,X,"Keyword: الخِصْم = In Classical Arabic, this refers to the outer corner, sharp edge, or side spout of a bag, container, or vessel (e.g., the corner of a grain sack or water skin) -- this is your anchor for this root","Keyword: خَصْم = opponent -- Because an adversary is literally the person occupying the opposite edge/side from you in a dispute, Arabic named that person الخَصْم (al-khaṣm).",,,
رمح,"""The letters Rāʾ, Mīm, and Ḥāʾ form a single true principle indicating piercing, thrusting, or an action resembling it (طَعْن).""","1.) ""to pierce / transfix (with a lance)"" or ""to gallop"" -- poetic idea of an animal thrusting/piercing their legs -- roots tied to highly specific concrete tools (like a spear) don't generate as many functional verbs.",X,X,X,X,X,X,X,X,X,"Keyword: رُمْح = spear / lance -- the Original Concrete Noun -- The Animal Metaphor (Kicking): He notes that when an animal kicks backward with its hind leg, Arabs say رَمَحَ الفَرَسُ (""the horse speared/pierced"").",,,,
قرص,"a sharp, localized pinch, bite -- or a round disk formed by pinching.","1.) ""to pinch (human skin) / to bite (insects)""","2.) Intensive: ""Intensive Pinching / Shaping Lots of Dough"" -- To pinch repeatedly, or to shape large quantities of dough into round discs/cakes.",X,X,X,X,X,X,X,X,"Keyword: قرصان = pirate -- directly derived from the idea of a swift, sharp ""pinch"" or snatch -- in MSA, it is the official word for both maritime piracy and digital hacking / software piracy!","Keyword:  قُرْص = a pill, tablet, or disk -- because the root originally described a flat, compressed shape formed by pressing or pinching.",,,
رمى,"""The letters Rāʾ, Mīm, and Yāʾ form a single true principle indicating casting, throwing, or flinging something away (إِلْقَاء وَطَرْح).""","1.) ""to throw / fling / shoot"" -- the root meaning",X,X,X,X,"6.) State: ""To reach or extend (Geographical Extension or News/Sound Traveling)"" -- the subject has been ""cast, thrown out, or flung far away"" into the distance",X,"8.) Reflexive: ""To fling / throw oneself into/onto"" -- common in daily prose, news, and literature for flinging oneself into a situation or space -- ex: Flopping on a bed; throwing oneself into an embrace or alliance",X,X,,,,,
سبح,"""The letters Sīn, Bāʾ, and Ḥāʾ form a single true principle indicating swift, continuous gliding or passing through water or air.""","1.) ""To swim / float""","2.) Denominative: ""to glorify / praise"" -- born from noun سُبْحَان , although some say it's ""intensive"" originating conceptually from the idea of intensive floating in worship/obedience ",X,X,X,X,X,X,X,X,"Keyword: سُبْحَان --   ""clearing"" or ""distancing"" an entity from any blemish. Saying subḥāna conceptually removes or abstracts God from any human defect, limitation, or error",,,,
حرر,"heat -- ""thermal energy"" (heat, burning, etc), ""thermal refining"" (editing, silk), or a ""refined state"" (free from defect, unbound) as they saw heat as creating a refined state","1.) To be or become hot (referring to weather, day, body, or emotion) -- Extremely Low Verbal Frequency, speakers rely heavily on the derived noun and active participle","2.) Denominative: ""to liberate / free; to edit"" -- from the noun حُرّ (meaning ""free"" or ""born free"") -- To liberate a person/land: Burning away the chain/bondage // To edit/draft text: Burning away grammatical errors",X,X,"5.) Reflexive: ""to become free / liberated""",X,X,X,X,"10.) State: ""to become hot, to flare up (quarrel, fight)"" ","Keyword: حرير = silk -- purest, finest, and most unadulterated fabric (heat makes things pure) -- extracting silk literally requires boiling water/heat to burn off the gum -- ",,,,
تبع,"Its origin refers to moving step-by-step behind a leader or preceding entity (tabiʿa atharahu) -- from this physical spatial movement (placing one's feet where another has walked), the root expanded.","1.) ""to follow / pursue / trail"" -- Direct action of walking behind someone or sequentially resulting from an event.",X,"3.) Asymmetrical: ""to continue / follow"" -- similar to m.1, but intensifies this towards the direct object and has a tone of ""continuing an action tirelessly"" or ""monitoring/following a process closely.""","4.) Causative: ""To append, attach, or make something follow"" -- Causing one thing to immediately succeed or attach to a preceding element.","5.) Reflexive: ""To track down, investigate, trace, or scrutinize"" -- internalizing the following so that you are doing it closely, incrementally, and with deep focus.","6.) Intensive: ""to follow in succession"" -- highly frequent in modern Arabic media. It is used to describe Multiple items or events falling into line one directly after another without interruption.",X,"8.) Reflexive: ""to follow / observe"" -- intentional internal following/compliance; Consciously conforming one's path to fit a prescribed system, law, leader, etc.",X,"10.) Intensive: ""To logically or consequentially entail an inevitable outcome"" -- Think of it as the ultimate formal word for cause and effect.",Keyword: تبعية = dependency -- Abstract noun representing the status of following a sovereign state or authority.,,,,
شيق,"""The Shīn, Yāʾ, and Qāf form a single primary origin indicating the inclination of the soul (mayl al-nafs) toward a thing and its attachment/entanglement (taʿalluq) with it.""","1.) ""To excite desire, to charm, or to fill someone with longing."" -- Transitive (Outer-directed). The subject is the beautiful thing, and the object is the person who falls in love.","2.) Intensive: ""To make someone yearn intensely, or to actively make something look enticing/attractive"" -- Transitive. You are doing this to someone else (e.g., teasing an audience, stimulating a student's curiosity)",X,X,"5.) Reflexive: ""to desire / covet"" -- The emotion is happening entirely inside the subject.",X,X,"8.) Reflexive: ""to desire"" -- while m.5 may indicate eagerness, in m.8 the subject has fully internalized -- the soul is fully attached to the point that they may be in a state of missing someone/something.",X,X,"Keyword: تَشْوِيق = suspense, excitement -- actively ""pulls"" the reader's soul/attention forward so they don't lose interest.",,,,
ضرر,"When damage or severe adversity (ضَرَر) hits, it creates a high-stakes, unavoidable need or emergency (ضَرُورَة). Because you are trapped in that emergency, you are forced/compelled (اِضْطَرَّ) to act.","1.) Transitive: ""To harm, damage, or injure someone/something."" The subject actively does something that negatively affects an object.","2.) Intensive-Transitive: ""to damage / injure"" -- used to show that the harm is not a single act, but rather widespread, severe, or repetitive damage inflicted upon an object ",3.) Asymmetrical: Hans 3 = 1 -- To cause deliberate annoyance/detriment to another.,"4.) Causative-Intransative: ""to damage / injure"" needs preposition ب -- Measure 4 often means the subject's mere existence or action constitutes an ongoing infringement or detriment to something else","5.) Reflexive: ""to be damaged""",X,"7.) Passive: ""to be damaged""","8.) Reflexive: ""to compel / force / oblige"" -- the damages have been internalized to the point that the subject is forced",X,X,Keyword: ضر = addition of a second wife -- Classical grammarians explicitly state she is called a ḍurrah because her presence inherently introduces ضَرَر (detriment/rivalry) to the first wife,"Note: they tried to scrub the truth about polygamy in MSA… but it's still used in some dialects -- ex. Levantine proverb: ""الشَّرِيكَة بْتِضَرّ وَلَوْ كَانَتْ فِي القَبْر"" – ""A co-wife causes trouble even if she's in the grave""",,,
فرش,"""The Fāʾ, Rāʾ, and Shīn form a single primary origin indicating the spreading out (baṣṭ) and extending (madd) of a thing.""","1.) Transitive: ""to spread out,"" ""to unroll,"" or ""to pave."" Because it requires a direct object to complete its meaning (e.g., spreading a carpet, a bed, or a sheet), it takes a direct accusative object","2.) Intensive: ""to furnish extensively"" // Denominative: ""to brush"" -- derived from the modern noun فُرْشَاة (furshāh - brush).",X,X,X,X,X,"8.) Reflexive: ""to spread out / lie down"" -- indicates an action done to or for oneself",X,X,"Keyword: فراشة = butterfly -- The insect is called a farāsha because it ""spreads"" or flutters its wings out wide",,,,
قفز,"""The Qāf, Fāʾ, and Zāy form a single primary origin indicating leaping (al-wathb) and ascending/going upward (al-ṣuʿūd).""","1.) ""to jump / leap"" -- whether physically jumping over an obstacle or metaphorically jumping/spiking in numbers or stages.",X,X,X,"5.) Denominative: ""to put on gloves"" -- theories range from ""derived from gloves worn for vaulting obstacles"" to ""derived from hawk trainer's mitt, the idea of the hawk springing off the protected hand""",X,X,X,X,X,,,,,
فرج,"""The Fāʾ, Rāʾ, and Jīm form a single primary origin indicating an opening/gap in a thing and its parting/splitting open (tafarruj).""",X,"2.) Causative: ""to part, to open wide, or to relieve/cheer up"" -- actively forcing this state onto something else—either physically parting an object, or figuratively lifting someone's burdens",X,"4.) Causative: ""to release / liberate / set free"" -- think of removing a blockage, thus creating space which causes when was trapped to flow out","5.) Reflexive: ""To spectate/sightsee"" -- open one's view",X,"7.) Passive: ""to be opened / display / reveal""",X,X,X,,,,,
ثور,"""The Thāʾ, Wāw, and Rāʾ form a single primary origin indicating agitation/raging (hayajān) and spreading out/bursting forth (ishāʿah).""","1.) ""to erupt, break out, revolt, boil over, or flare up""",X,X,"4.) Causative: ""To provoke, stir up, arouse, or incite."" -- a sudden eruption/raging (ثَارَ) causes emotions/interest to be provoked",X,X,X,X,X,"10.) Intensive: ""To severely provoke, infuriate, or intentionally titillate/rouse."" -- Actively digging into a sensitive topic or a person's psyche to deliberately force their deep anger or hidden memories to erupt.","Keyword: ثورة = revolution -- A massive, collective eruption against a system.","Keyword: مُثِير = exciting, provocative -- Active participle of Form IV (أَثَارَ). Literally ""that which stirs up [emotions/thoughts].""","Keyword: ثَوْر = bull -- its proverbially raging, easily agitated nature when riled up! (Also the constellation Taurus = Burj al-Thawr).",,
طرق,"""The Ṭāʾ, Rāʾ, and Qāf form a single primary origin indicating striking/beating (al-ḍarb) and whatever derives from that motion.""","1.) ""to knock, hammer, strike, or beat."" -- can be literally (knocking/hammering) and metaphorically (tackling a topic or entering a mind).","2.) Intensive: shifts from a simple ""knock"" in m.1, to ""hammering intensely, forging metal, beating something repeatedly, etc""",X,"4.) Denominative: ""To Bow the Head / Fall Silent"" --  builds its new meaning directly from the noun طَرِيق -- You are metaphorically ""fixing yourself to the ground.""","5.) Reflexive-Denominative: originally ""to make a path for oneself;"" but turned into a metaphor for ""To Reach / Affect / Broach a Topic""",X,X,X,X,X,,,,,
نخب,"""[…] form a single primary origin indicating choosing (ikhtiyār) and selecting the cream/best (intiqāʾ)."" -- ""'Cash rules everything,' just call it cream // cuz when it rises to the top, you get the finer things"" -- The Roots","1.) Archaic: To pick, pierce, or extract the best part of something out of a larger group.",X,X,X,X,X,X,"8.) Benefactive: ""To elect, vote, or select purposefully."" -- Instead of just pulling out the best part generally, you are selecting or extracting the best choice for yourself",X,X,"Keyword: نَخْب = toast (as in cheers, not bread) -- Originally meant drinking the finest chosen wine.","Keyword: مُنْتَخَب = national team -- Literally ""the selected group.""",,,
اثر,"Linguistically, Arabic abstracts ""footprints"" heavily into influence and impact (also evolved into things like historical monuments (آثَار), and selfishness (tracing things back exclusively to oneself)).","1.) ""To narrate, transmit, or relate a story/hadith (mostly survives via its passive participle ma'thūr / traditional)"" -- Following someone's footprints to reconstruct their story and transmit it verbally to others.","2.) Causative: ""To influence, affect, or leave an impact (always paired with the preposition fī or ʿalā)."" -- metaphorically leaving a deep, lasting footprint.",X,"4.) State: ""To prefer, favor, or choose one thing over another (usually paired with ʿalā)"" -- based on the core byproduct of influence, this is a state of specific footprints having left a positive mark on you.","5.) State: ""To be affected, influenced, moved (emotionally), or shaped by."" -- Moving yourself into a receptive State of Vulnerability where you absorb and are shaped by outside footprints.",X,X,X,X,"10.) Utilization: ""To monopolize, appropriate, or claim exclusive possession of (always paired with bi-)."" -- utilizing influence (a core byproduct) to ""fence off a specific set of footprints"" so only you can use them.","Keyword:  أَثَر = Trace, footprint, effect, artifact -- The physical or abstract mark remaining after something passes.",Keyword: مَأْثُور = tradition -- An account or wisdom that has left a continuous track through generations.,Keyword: إِيثَار = altruism/selflessness -- Choosing another person's footprint/path over one's own.,,
رود,"""The root [رَوَدَ] has primary origins signifying the seeking or pursuing of a thing (طَلَبُ الشَّيْءِ), as well as gentleness, ease, and going back and forth (الْلِينُ وَالتَّرَدُّدُ فِي جِيئَةٍ وَذَهَابٍ).""","1.) Transitive: ""To explore, scout, look for pasture/water, or pioneer."" -- describes the physical, outward action of searching or scouting ahead of a group.",X,"3.) Asymmetrical: ""To attempt to entice, try to persuade, coax, or tempt/seduce."" -- going back and forth, attempting to get the direct object to do something for you","4.) Causative: ""to want"" -- literally m.4 should mean something like ""to cause a search to happen,"" however, this shifted to mean the psychological act of wanting or intending something",X,X,X,"8.) Benefactive: ""To frequent a place, visit regularly, or explore for oneself."" -- Instead of just scouting in m.1, you are actively making a place your destination, repeatedly ""seeking"" it out for yourself",X,"10.) Rare: In classical times, اِسْتَرادَ was used to express a deeply reflective attempt to find a choice or desire -- but currently, ppl just use أَرَادَ or a completely different root like سَعَى (sa'ā, to strive)",Keyword: رَائِد = pioneer -- moves gently back and forth looking for pasture or water for his tribe. ,,,,
ركز,"""The root [رَكَزَ] consists of a single primary origin (أَصْلٌ وَاحِدٌ), which signifies: the fixing or embedding of a thing into the ground or place (إِثْبَاتُ الشَّيْءِ فِي الأَرْضِ أَوْ غَيْرِهَا).""","1.) ""to set up / implant""","2.) Denominative: ""to focus / concentrate / emphasize"" -- coined directly from the noun مَرْكَز (meaning ""center"" or ""hub"") -- So, رَكَّزَ literally means ""to put something at the center.""",X,X,"5.) Reflexive: ""to concentrate / focus"" -- use m.5 when talking about things pooling together or attention being pointed at a spotlight.",X,X,"8.) Reflexive: ""to be implanted / to support ones weight / to concentrate"" -- reflexive of m.1, so implied something physical/metaphoircal leans on a base for support",X,X,"Keyword: رِكَاز = buried treasure, precious minerals, or natural resources embedded deep within the earth ","Keyword: رِكْز = ""a faint, low sound, whisper, or distant tone"" -- A sound that is muffled, hidden, or buried beneath layers of distance, making it barely audible.",,,
لقي,"Ibn Faris notes that whether people face each other in person, an idea presents itself to the mind, or a object is thrown down to meet the ground… every usage stems from entities coming face-to-face.","1.) ""To meet / encounter"" -- a simple, direct event -- subject encounters a person, an object, or a fate -- it is often used for experiencing or enduring a state (like pain or a reward).",X,"3.) Asymmetrical: ""to meet / encounter"" -- often means facing a specific trial, response, or treatment -- leans into a negative, adversarial, or challenging connotation","4.) Causative: ""To throw, deliver (a speech)"" -- Casting something forward, causing it to meet the ground or audience.","5.) Reflexive: ""To receive"" -- think of m.2 as ""making something get encountered"" (handing it over/delivering it). Therefore, m.5 means to receive something that is sent or given to you","6.) Symmetrical: ""to meet eachother"" -- symmetrical: It cannot take an object or a preposition like in m.8. Both parties must be bound together as a plural subject.",X,"8.) Reciprocal: ""to meet eachother"" -- asymmetrical: One person can initiate the action toward a passive person. It easily takes the preposition بـِ (with).",X,"10.) Reflexive: of m.4, ""to lie down on one's back (recline / stretch out).""",,,,,
مدد,"""[…] form a single core origin (أَصْلٌ وَاحِدٌ) pointing to the pulling or drawing out of something in length (جَرِّ شَيْءٍ فِي طُولٍ), and the continuous joining of one thing to another in extension (وَاتِّصَالِ شَيْءٍ بِشَيْءٍ فِي اسْتِطَالَةٍ).”","1.) Transitive: ""To stretch out, extend, reach, or hand over (e.g., a hand, a line)."" -- You just stretch the thing.","2.) Causative: ""to extend / stretch out / spread out"" -- You cause the timeline, the layout, or the contract to be legally/officially extended.",3.) Rare,"4.) Causative: ""To supply, provide, furnish, or reinforce with provisions/aid."" -- causing things to be spread around","5.) Reflexive: of m.2, ""To stretch oneself out, lie down"" -- Core Idea: Physical expansion, stretching out a body, or material volume increasing.",X,X,"8.) Reflexive: of m.1, ""to extend / reach / spread"" -- Core Idea: Spatial range, geographic distance, or duration across time.",X,"10.) Seeking: ""ask for, seek out, extract, or draw support/energy/information from a source""","Keyword: مادة = materials -- as a feminine active participle (fā'ila) from that root, literally translating to ""that which extends"" or ""that which is continuous/supplied.",,,,
فدى,"The core concept is saving, substituting, or shielding -- typically (but not always) accompanied by putting something up to prevent a loss or damage","1.) ""to redeem / ransom"" -- in relation to m.8, this is a Direct Transitive Event; offering an external asset as a shield (fidya), in order to buy back someone or something else from danger or captivity.",X,"3.) Asymmetrical: ""To exchange prisoners or balance ransoms."" -- strictly active in modern military, geopolitical, and news broadcasts during wartime or negotiations.",X,X,"6.) State: ""To avoid, to evade, to forestall, or to guard against"" -- Default modern word for ""avoiding"" mistakes, traffic, or problems; You are actively operating in a state of self-preservation.",X,"8.) Benefactive: ""To ransom oneself, or to buy back something belonging to you"" -- if a woman requests a divorce by returning her dowry to ""buy her freedom,"" the verb used is iftadat (she ransomed herself).",X,X,"Keyword: فِدْيَة = ransom -- putting something up to fulfill an obligation, or protect against fault.",,,,
سعر,"The root revolves around heat, fire, and upward movement, which is why the Arabic word for price essentially implies something that fluctuates or ""heats up/rises"".","1.) ""to kind, start (a fire, a war); to run man"" ","2.) Denominative: ""to appraise, give a price to something"" -- By adding a shadda to the middle radical of the noun سِعْر (price), it creates سَعَّرَ, which literally translates to ""to give a price to something"" ","3.) Asymmetrical: ""to haggle / bargain"" -- think of it as competing with someone in pricing, or to match their prices","4.) Rare: historically used interchangeably with Form I to mean ""to ignite"" or ""to agree on a price,"" but it has been entirely replaced by Forms I and II in modern usage.","5.) Reflexive: ""to be kindled"" or ""to blaze up"" (e.g., a fire, a war, or even prices flaring up). It's more literary but actively used.",X,"7.) Resultative: ""to become enraged"" -- The subject transitioned into an internal emotional state.","8.) Reflexive-Intensive: ""to burn / flare up"" -- a sense of overrunning boundaries, ex: a fire is raging out of control, spreading violently, and consuming everything in its path.",X,X,"Keyword: سُعْرَات حَرَارِيَّة = calories -- literally translates to ""thermal sparks"" -- a calorie is measured by burning food in a laboratory device (a calorimeter) --  حَرَارِيَّة is an adjective meaning thermal or caloric",,,,
دمغ,"In classical Arabic lexicography, this carries a primary meaning centered on the head/brain, which evolved into powerful metaphorical usages involving crushing defeat, irrefutable proof, and official stamping.","1.) ""to refute"" -- (metaphorically hitting to an opponent's logic/brain); or ""to stamp"" (just as hitting may leave an impression on the head, an official seal leaves an unalterable impression)",X,X,X,X,X,X,X,X,X,"Keyword: دِمَاغ = The Biological Head, The entire physical organ contained within the skull (عَقْل = abstract mind)",Keyword: دَمَغَ = To smash / To vanquish / To reach the brain — Literally: To strike someone's head so hard it reaches the brain.,,,
شطف,"The ancient dictionary definition (like Ibn Faris's) is essentially extinct in daily conversation, having been completely taken over by what was originally just a colloquial or secondary meaning.","1.) ""to rinse""","2.) Intensive: ""To Wash/Cleanse Intensively"" -- Heavily used in real life daily care, particularly for washing soap out of hair, bathing children, or personal hygiene.",X,X,X,X,X,X,X,X,"Keyword: شُطْفَة = piece/chunk/edge -- connects directly back to that classical core meaning of slanting, moving away, or slicing off an edge -- Used only as a technical noun",,,,
جهد,"the deployment of maximum internal energy against resistance -- It is not just ""effort"" in a casual sense; it is specifically strain, pressure, and pushing past a limit.","1.) Archaic: ""to endeavor / strive"" -- while the m.1 verb is archaic in daily speech, the derived verbal noun meaning ""effort"" or ""capacity"" is extremely common in modern MSA.",X,"3.) Asymmetrical: ""to strive, endeavor, labor"" or ""to wage holy war against the infidels"" (sounds fun but I'll stay Christian thanks for the offer tho) -- directing in extreme effort towards an obstacle or an opponent","4.) Causative: ""to cause exhaustion"" or ""to overwork [someone/something].""",X,X,X,"8.) Reflexive: ""to work hard / strive"" -- Form I (جَهَدَ) is to exert effort outwardly. Form VIII (اِجْتَهَدَ) turns that effort inward onto the subject. The person is driving themselves to work hard.",X,X,,,,,
فرز,"fundamentally mean to separate, sort, or isolate one thing from another.","1.) ""to sort out / select / classify"" -- This is the exact verb used in modern elections for ""to count/sort ballots"" (فرز الأصوات). You are physically separating valid votes, invalid votes, and candidate choices.",X,X,"4.) Causative: ""to secrete,"" ""to excrete,"" or metaphorically ""to produce/yield"" -- To cause something to be separated out from a larger system or entity",X,X,X,X,X,X,Keyword: فارزة = comma -- aka a separator,,,,
حلم,"the dream (ḥulm) was seen as the physical threshold of adulthood -- in classical Arabic,  بَلَغَ الحُلُم  ""he reached [the age of] dreaming,"" was a term for reaching puberty / becoming an adult.","1.) ""to dream; to be gentle"" -- Means to see an ordinary dream or vision while sleeping, Can also mean to daydream or imagine something when awake (not sexual)",X,X,X,X,X,X,"8.) Reflexive: turning the dream totally inward --  because the person is not just having a dream, their body is undergoing an internal, physical transformation (puberty/nocturnal emission).",X,X,"Note from Freya: I find this disgusting  -- ""that's just, like, my opinion man"" -- if I'm slaving away at this for free, I reserve the right to comment -- the MLIs can delete this when I give them the file",,,,
فصل,"The letters Fāʾ, Ṣād, and Lām form a single primary core root indicating a severance, separation, or distinction between two things.","1.) ""to separate / detach / set apart""","2.) Intensive or Denominative: ""to classify"" is intensive (breaking something into separate parts == classifying, or explaining); and ""to tailor a garment"" is denominative (based on تَفْصِيل which means detail)","3.) Asymmetrical: ""to haggle"" -- directing your energy in an attempt separating/lower the price; or ""To Part Company With / Be Dissociated From"" -- separating yourself from the direct object",X,X,X,"7.) Resultative: ""to be separated / be removed"" -- m.1 example: ""I disconnected the electrical current."" vs m.7 example: ""...and so the current became disconnected / separated.""",X,X,X,"Keyword: فَصْل = Season / Chapter / Classroom / Severance — A division of the year (season), a distinct division of a book (chapter), a division of a school (classroom), or the act of separating.","Keyword: مَفْصِل = Joint / Pivot / Articulation — The point where two bones separate and meet (joint); metaphorically, a crucial turning point (e.g., lahẓah mafṣiliyyah = pivotal moment).",,,
حلل,"According to Ibn Faris, this root traces back to a primary physical origin: opening a knot, loosening a tight bond, or descending/settling down -- like untying luggage from their camels when arriving somewhere","1.) Contextual: ""To solve (a problem), to untie, to dissolve (a knot/conflict)"" -- Physically untying a knot; extended to untangling complex issues or puzzles.","2.) Denominative: ""to analyze / dissect"" -- I'd argue this is denominative and is based on it's own interpretation of untying/dissolving (i.e. untying/dissolving something down so you can examine it)",X,"4.) Contextual: ""To make lawful; to replace/substitute (أَحَلَّ مَكَانَ)"" -- causing something to be ""untied from prohibition;"" or causing something to settle into another's place.","5.) Incohative: ""to dissolve / disengage"" -- When organic matter taḥallala, it is actively entering the state of ""being untied""",X,"7.) Passive: ""To be dissolved, break up, collapse, untie itself."" -- represents the direct result of a force acting upon an object. It is strictly passive and agentless. There is zero internal effort or process implied.","8.) Benefactive: ""to occupy"" -- untying and settling into something for oneself",X,"10.) Declarative: ""to regard as lawful"" -- Arbitrarily taking something restricted and declaring it ""unbound"" for personal gain.",Keyword: مَحَلّ = place -- the place where one unties the baggage,"Keyword: مَحَلِّيّ = local -- this is simply the noun مَحَلّ (place) with the Nisba suffix (ـِيّ) attached to it, which turns a noun into an adjective (like adding ""-al"" or ""-an"" in English).","Keyword: حَلَّة = cooking pot -- This is a noun of vessel/utensil; this is  ""the vessel used upon settling/untying.""",,
قصر,"""The letters Qāf, Ṣād, and Rāʾ form a sound primary core root indicating the opposite of length. All sub-derivations return to this concept.""","1.) ""To be/become short; to fall short."" -- State/Stative. It describes the condition of becoming short or inadequate.","2.) Causative: ""to shorten / curtail; to fall short / be inferior"" -- It transforms the passive state of ""being short"" into an active action of ""making short"" or ""falling short in a duty.""",X,4.) Archaic!,X,6.)Rare,X,"8.) Reflexive: ""to limit oneself, to restrict oneself; to be limited to, restricted to"" -- subject can be a person/group, or an abstract concept (ex: The damage was limited to the buildings)",X,"10.) Declarative: ""To deem or judge something to be too short.""","Note: قَصْر = castle -- this is a loanword from Latin ""castrum"" (meaning ""fortified military camp"" or ""fort""); the original Latin castrum also evolved through Old French to become the English word ""castle""",,,,
خصر,"The primary physical anchor for this root is الخَصْر (al-khaṣr), which means the human waist or flank (the narrow, middle section of the torso)","1.) Archaic: ""to be cold"" -- freezing wind was described as ""hitting the flanks/waist"", cutting right through them. Alternatively, when the body freezes, the extremities lose circulation to protect the core",X,"3.) Asymmetrical: ""to clasp / embrace"" -- You are interacting directly with another person's physical waist -- Archaic in daily speech, though easily understood by modern readers of literature or classical poetry.",X,X,"6.) Symmetrical: ""to embrace / dance"" -- shared action between multiple subjects. You cannot takhāṣara alone (story of Freya's life)",X,"8.) Resultative: ""to shorten / abbreviate / summarize"" --  it focuses entirely on the result of the action—taking something sprawling and wide, and forcing it into a narrow, compact, ""waist-like"" state.",X,X,,,,,
نهج,"""The root [ن-هـ-ج] has one primary core: It signifies the clarity and openness of a path or course, and anything that branches out to become manifest and clear.""","1.) ""To follow/take a path"" -- Striking out along a clear road; following a set course","2.) Causative: ""To clarify, outline, or chart a course"" -- Actively paving or laying down a clear method for others",X,"4.) Causative: ""to clarify/explain"" -- causing someone to metaphorically take a path, Making a path wide and distinct, or showing clear wear from heavy use",X,X,X,"8.) Reflexive: ""to follow / pursue"" -- Where Form 1 means ""he walked a path,"" Form 8 means ""he adopted/chose a methodology to follow.""",X,X,"Keyword: نَهَجَ = breath/panting -- Ibn Faris connects this directly to openness—it is the outward, open manifestation of the throat and chest when traveling an open road.","Keyword:   مَنّهَج  = Curriculum -- The systematic, clear structure laid out for learning, research, or execution (e.g., مَنْهَج دِرَاسِيّ - school curriculum; مَنَّهَجِيَّة - methodology).",,,
بنى,"""It signifies the setting up, joining, and raising of something upon something else in an orderly structure.""","1.) Transitive: ""To build, construct, erect, establish, or base (something on something).""",X,X,X,"5.) Reflexive: ""To adopt (a child, an idea, a policy, or a stance),"" -- Takes the concept of ""building a lineage/structure"" and applies it reflexively to oneself—making something or someone part of your own",X,"7.) Passive: ""To be built, to be based (on), to rest upon, to result from."" -- shifting focus away from the agent to the foundation itself.","8.) Benefactive: ""To build for oneself"" -- Where Form 1 is simple ""building,"" Form 8 is ""building a structure for oneself.""",X,X,"Keyword: Lineage / Children (إِبْن / ابْنَة): Ibn Faris explicitly connects this to this root—a child is considered a ""building block"" or ""extension"" constructed from the parents to carry on the family edifice!",,,,
دمن,"""It signifies the sticking, adhering, or constant remaining of something in a location or state without departure.""","1.) Archaic: ""to fertilize (land)"" -- packing something into the soil so that it remains -- Modern speakers write sammada (سَمَّدَ) for fertilizing soil.",X,X,"4.) Causative: ""to be addicted; or to be devoted to;"" -- Takes the concept of ""settling in one spot / persistent lingering"" and shifts it abstractly to locking yourself into a behavior deeply ",X,X,X,X,X,X,"Keyword: دِمْنَة (dimnah - pl. diman): A famous term in classical Arabic poetry referring to the lingering traces, ash, and manure left behind at an abandoned bedouin campsite.",,,,
رفق,"""The letters Rā’, Fā’, and Qāf form a single core root (aṣl wāḥid) that signifies agreement, compatibility, and drawing near without harshness or violence.""","1.) ""To be gentle, kind, considerate, or soft with someone/something (usually paired with the preposition بـ)""",X,"3.) Assymetrical: ""To accompany, escort, or go along with someone/something."" -- adds the idea of directing the action toward a partner or companion","4.) Causative: ""To attach, enclose, or append a document/file (most common modern use)"" -- causing something to be attached or joined as a support/companion","5.) Reflexive: ""To act gently, proceed with care, be considerate, or take things easy (usually with بـ).""","6.) Symmetical: ""To accompany one another, go together, or occur simultaneously (e.g., symptoms or phenomena accompanying one another)."" -- Form VI makes Form III mutual between two or more subjects",X,"8.) Benefective: ""to benefit / take advantage"" -- Directly reflects the physical root noun mirfaq (elbow/support)—literally ""to support oneself on an elbow,"" expanding to ""utilize a support/facility for oneself.""",X,X,"Keyword: الْمِرْفَق: The human elbow, because a person rests by leaning upon it -- ""To the ancient Arab, the elbow was the ultimate physical support."" hence many derived nouns","Keyword: الرُّفْقَة: The group of companions you travel with, named so for mutual harmony (muwāfaqah) and because when they walk together, their elbows (marāfiq) line up side by side.","Keyword: مَرَافِق عَامَّة = Public Utilities / Facilities (literally: ""general sources of ease and support"").",,
شقق,"""The letters Shīn, Qāf, and Qāf form a single core root (aṣl wāḥid) indicating the opening or splitting of a thing (infitāḥ fī shay').""","1.) Dual: Transitive = ""To split, rip, cleave, or plow through (e.g., شَقَّ الطَّرِيقَ – to forge/carve a path)"" // Intransitive (with عَلَى): To be severe, burdensome, or painful for someone (e.g., يَشُقُّ عَلَيَّ – it is difficult for me).","2.) Intensive: ""To crack severely, splinter into many pieces, or cause widespread fissures.""",X,X,"5.) Reflexive: ""To become cracked, split, or chapped; to burst open (e.g., seeds bursting from soil, skin chapping).""",X,"7.) Passive: ""To split open, crack, break apart, defect, or secede."" -- Focuses entirely on the event of splitting open without focusing on who did it.","8.) Benefactive: ""To derive, branch off a word/concept from an origin (with مِنْ)."" -- taking a branch, and appropriating it into a new form. The benefactive ""for one's own use"" nuance is implied!",X,X,"Keyword: شَقَاء = Misery / Hardship — Tied to the Form I sense of a burden that ""breaks"" someone's spirit.","Keyword: شَقِيق = Full Brother — Literally someone who came from the ""same split/half"" as you (sharing both mother and father).",,,
سعد,"""The letters Sīn, ‘Ayn, and Dāl form a single core root (aṣl wāḥid) that indicates the opposite of misery or misfortune (khilāf al-shaqāwāh).""","1.) Stative: ""To be happy, fortunate, prosperous, or blessed (usually with بـ to indicate the source of happiness).""",X,"3.) Assymetrical: ""To help, assist, or aid someone."" -- directing supportive effort toward an partner/object","4.) Causative: ""To make (someone) happy, to bring joy to someone, or to gladden.""",X,X,X,X,X,"10.) Contextual: Seeking = ""to seek or strive for happiness, prosperity, or good fortune"" or Declarative: ""to deem, consider, or judge something to be lucky or a source of good fortune.""","Keyword: سَاعِد = Forearm — The physical instrument of strength and support. In ancient usage, to ""strengthen someone's forearm"" meant to give them support.","Keyword: سُعُود = is an intensive noun meaning ""good fortune,"" ""bliss,"" ""happiness,"" or ""the lucky ones"" -- ""pertaining to [the family of] Sa‘ud""— under the hood, built on this root for happiness and good fortune",,,
حمم,"""The letters Ḥā’ and Mīm form core ideas centered on heat and its manifestations (al-ḥarr).""","1.) Dual: Transitive = ""To heat, make hot, or boil (water/food); to blacken with charcoal."" // Passive (حُمَّ - ḥumma) = ""To catch a fever""","2.) Denominative: ""To bathe (someone), wash with hot water, or give a bath to someone."" -- based off noun for bathroom حمام",X,"4.) Causative: ""to make hot; to be made hot""  -- Form IV causes heat/fever OR brings a situation to its ""boiling point"" / heat of occurrence",X,X,X,X,X,"10.) Reflexive: ""To take a bath, take a shower, or bathe oneself.""","Keyword: حَمِيم = Close Friend  —  ""warm, intimate friend"" (as in Ṣadīq ḥamīm).","Keyword: حَمام = pigeon -- Classical Arab philologists (including Ibn Faris) noted that the soft, repetitive cooing of pigeons and doves was viewed as a mournful, warm, or emotionally charged sound (hadeel / هَدِيل).",,,
عمم,"Whether that coverage is abstract, physical, or social, the root always describes something that spans across an entire space, group, or person without leaving anything out","1.) ""to be universal / be prevalent"" -- Represents the raw idea of ""including everything,"" ""spreading widely,"" or ""prevailing.""","2.) Causative: ""to generalize / popularize / propagate"" -- causing something to be universal ",X,X,"5.) Reflexive: ""to become widespread / become general"" -- this is how it is used in modern academic and analytical Arabic ",X,X,"8.) Denominative: ""to don a turban (religious contexts)"" -- I'd consider it denominative by MSA usage",X,X,"Keyword: عِمامَة = turban -- completely wraps around and covers the head (hence Forms II, V, and VIII in classical and formal usage)","Keyword: عَمّ = paternal uncle -- represents the broader, overarching lineage/tribe encompassing the family unit.",,,
لزم,"The core idea: two physical objects adhering tightly together like glue, resin, or an inescapable grip -- the root expands abstractly into duty, necessity, obligation, and persistence.","1.) ""to be necessary / be required"" -- It establishes the fundamental state of being attached, required, or bound. It can act intransitively (""It is necessary"") or transitively (""He stuck to the task"").",X,"3.) Assymetrical: ""to accompany / persevere in"" -- adds the dimension of duration, effort, or active engagement toward another party","4.) Causative: ""to obligate / force"" -- Fixing a duty onto someone so securely that they cannot break away",X,"6.) Symmetrical: ""to be inseparable / be attached to each other"" -- they entail or accompany each other mutually (e.g., cause and effect that cannot be separated).",X,"8.) Reflexive: ""to commit, adhere to, or obligate oneself"" -- You take that necessity and turn it inward upon yourself. You make it necessary for yourself. You actively internalize the obligation.",X,"10.) Declarative: ""to deem necessary / require""","Keyword: مُتَلاَزِمَة = syndrome -- When Arabic modernized medical terminology, this was chosen because it conveys the same principle as the Greek συνδρομή (syndromē), meaning ""running together""",,,,
اخر,"""The Hamzah, Khāʾ, and Rāʾ constitute a single primary root, indicating the opposite of advancement or precedence.""",X,"2.) Causative: ""To delay, postpone, defer, put back."" -- This is the standard modern transitivized form used for ""postponing an event"" or ""delaying a departure.""",X,X,"5.) Reflexive: ""To be late, delayed, or behind schedule."" -- This is the standard modern intransitive form used when saying ""I was late"" (تَأَخَّرْتُ) or ""The train is delayed"" (تَأَخَّرَ القِطَارُ).",X,X,X,X,X,"Keyword: آخَر = Another / Other — that which follows after the first one (""... opposite of advancement or precedence"")",Keyword: الأَخِرَة = The Hereafter — the life/abode that comes after this worldly existence (ad-Dunyā).,,,
وقت,"The root و-ق-ت (W-Q-T) centers on the concept of a designated time, a fixed limit, or setting an appointed term for an action.",X,"2.) Causative: ""To appoint a fixed time for something"" -- takes the underlying noun وَقْت (waqt = time) and converts it into an active, deliberate verb.",X,X,"5.) Reflexive: ""To be appointed or limited to a fixed time"" -- It means the action reflects back onto the subject or describes the subject entering into a state of timing",X,X,X,X,X,"Keyword: مُوَقَّت = Temporary, scheduled, timed (Passive Participle) — something bound to a specific duration rather than permanent.",,,,
خلو - خلى,"""The letters Khāʾ, Lām, and the weak letter form a single valid primary root indicating the stripping or clearing of a thing from another thing (nakedness/emptiness).""","1.) Dual: ""being empty, passing, or being alone."" -- Intransitive / Transitive with Prepositions","2.) Causative: ""To release, clear out, leave open"" -- clears the way for others.",X,"4.) Causative: ""To evacuate, vacate a location"" -- Takes an occupied space/situation and makes it empty.","5.) Reflexive: ""To abandon, relinquish, give up, or divest oneself of something"" -- strips oneself of an obligation or attachment.",X,X,"8.) Benefactive: ""To isolate oneself, withdraw into seclusion, or seek privacy with someone"" -- Subject creates an empty state for themselves to achieve privacy or solitude.",X,X,"Keyword: خَلِيَّة = beehive -- Early Arab beekeepers built artificial beehives by using hollowed-out tree logs, reed tubes, or empty clay vessels; the hive is fundamentally a hollow vessel (khaliyyah)","Keyword: خَلِيَّة = cell (biological) -- just as a honeycomb consists of thousands of small hollow compartments (khalāyā), scientists adopted خَلِيَّة to translate the biological concept of a cell",,,
ذرع,The noun ذِرَاع means forearm or arm -- all verbs in this root are related to the arm in some way (ex. strides -- swinging of the arms/forelegs when walking fast or running) ,"1.) ""to measure"" -- Physical extension/measurement and people used to used the forearm (zhirāʿ) or strides to do so",X,3.) Rare,X,"5.) Reflexive: ""To use as a pretext, excuse, or plea"" -- You reach out with something as your arm/instrument to shield yourself, which evolved into ""using [X] as a pretext or legal defense.""",X,"7.) Passive: ""To be measured / to surge forward"" -- It is not obsolete, but it is rarely encountered outside formal classical literature or specialized lexicography.",X,X,X,"Keyphrase: ""لا ذَرَعَ لِي بِهِ "" =""I have no power or ability to deal with this. -- Because a person's reach/arm length determines what they can grasp, protect, or control, ذَرْع became power and resilience.",,,,
درب,"""The letters Dāl, Rāʾ, and Bāʾ form a core returning to habituation/practice (اعتياد والمران), as well as a specific reference to a Roman gate/pass.""","1.) ""To be accustomed, experienced, skilled"" -- The baseline state of becoming accustomed or experienced through repeated exposure.","2.) Causative: ""to habituate / give training / coach"" -- causing someone else to acquire habit, skill, or experience through systematic practice.",X,X,"5.) Reflexive: ""to receive training / be skilled"" -- action of Form II reflected back onto the subject—to undergo training or cause oneself to become trained.",X,X,X,X,X,Keyword: دَرْب = path/road (Historically borrowing from Persian (darb = gate/mountain pass)) -- Walking a specific path over and over creates a beaten trail—and makes the traveler highly experienced,,,,
خير,"The hollow root خ-ي-ر (Kh-Y-R) revolves around goodness, preference, choosing, and abundance.","1.) ""to choose / prefer"" -- Expresses baseline goodness, preference, or conferring good upon someone.","2.) Causative: With بَيْنَ (bayna): ""To give someone a choice, options, or an ultimatum between two or more things"" -- forces or grants option onto someone else","3.) Assymetrical: ""To vie with someone in goodness, nobility, or generosity.""-- You will almost never see Form III in modern media or everyday prose.",X,"5.) Reflexive: ""To pick out carefully, select meticulously, or handpick the best option."" -- The subject actively picks out and selects the very best (خِيَار) from a group for themselves.",X,X,"8.) Benefactive: ""To choose, elect, select, or decide on something."" -- Internalized selection—the subject makes a decision/choice for their own path.",X,"10.) Seeking: ""to seek guidance"" -- Asking or seeking God or an authority to guide one toward the good/best outcome (خَيْر).","Keyword: خِيَار = cucumber -- this is actually a loanword from Persian… no wonder I hate the joke ""cucumbers are a choice"" because it's based on a loan word and not the root","Keyword: خِتْيَار = old man -- Semantic Shift to Age because these respected, ""chosen"" decision-makers were almost always the village elders",,,
وقي,"""The letters Wāw, Qāf, and Yāʾ form a single core root indicating the warding off or shielding of one thing from another by means of a third thing (a barrier).""","1.) ""to preserve / safeguard"" -- m.1 here directly affects an object. It can take two objects—the person being protected and the harm being warded off (e.g., وَقَاهُ اللَّهُ الشَّرَّ – ""God protected him from evil"").",X,X,X,"5.) Reflexive: ""To take precautions, be explicitly watchful, avoid specific dangers"" -- Deliberate, physical, or tactical effort against tangible or immediate risks",X,X,"8.) Benefactive: ""To protect oneself, beware, practice piety, or maintain God-consciousness"" -- A state of mind, moral boundary, or spiritual posture erects a constant barrier",X,X,,,,,
رشق,"swiftness, lightness, and precision of movement -- classical lexicographers tied the root to arrows: a rasheeq (رَشِيق) an arrow that was lightweight, finely shaved, and flew swiftly and cleanly toward a target.","1.) ""To pelt, pelt with missiles, shoot arrows at, pelt with words.""",X,X,X,X,"6.) Collective: ""To pelt one another, throw back and forth at each other (e.g., stones, arrows, insults, glances, or accusations)."" -- turns it into a two-way or multi-party reciprocal action.",X,X,X,X,"Keyword: رَشَاقَة = slim -- just as a projectile/arrow must be slender, light, and well-proportioned to cut through the air without drag",,,,
ليق,"""[…] form a single sound root indicating clinging, sticking, and adhering (like the keyword ""clay"")."" -- From this concept, Arabic evolved the abstract meaning of suitability, fittingness, or propriety","1.) ""To be suitable, fit, appropriate, or become (e.g., هَذَا لَا يَلِيقُ بِكَ – ""This is not fitting for you"")."" -- this is the modern meaning",X,X,X,X,X,X,X,X,X,"Keyword: لِيقَة = clay -- ""Sticky, wet clay that is kneaded by hand and thrown against a wall so that it adheres to it."" -- if it sticks, it's suitable","Keyword: اللِّيَاقَة الْبَدَنِيَّة = fitness -- It describes a body that is suitable for physical tasks, and in complete alignment with health goals.",,,
جنس,"""The letters Jīm, Nūn, and Sīn form a single core root indicating a category, type, or kind of a thing.""",1.) Archaic,"2.) Causative: ""to classify / homogenize / assimilate"" -- It means to make things into a category, to sort distinct items into their respective types, or to make a person a member of a nation (citizenship).","3.) Assymetrical: ""To match in kind"" / ""To resemble / Be compatible with"" -- directing your energy to fit into the same category or shares essential characteristics with something else",X,"5.) Reflexive: ""to be naturalized, to be categorized"" -- Acts as the reflexive of Form II (ta- prefix). It describes an entity actively adopting a type/nationality or being sorted into a category.","6.) Symmetrical: ""to be homogenous / be related"" -- m.3 is sharing the characteristics, but m.6 describes a state where multiple elements lose their jarring differences and become one single, uniform entity",X,X,X,X,"Close keywords: جِنْس (Jins): Category, genus, gender, or sex && جِنْسِيَّة (Jinsiyyah): Nationality or citizenship (MSA).",,,,
حرص,"""The letters Ḥāʾ, Rāʾ, and Ṣād form a single core root indicating intensity of desire, eager striving, or greed/avidity for something.""","1.) Transitive: ""To be eager, covet, strive hard for, be greedy for, or be deeply concerned/attentive toward"" -- Usually pairs with the preposition عَلَى (ʿalā) to show the target of intense desire or care",X,X,X,X,X,X,"8.) Reflexive: ""To exert maximum personal effort, strive painstakingly, or show intense, deliberate eagerness to achieve something."" -- personally pushing oneself to the limit to make sure something happens.",X,X,,,,,
حدد,"The geminate root ح-د-د (Ḥ-D-D) revolves around edges, boundaries, sharpness, and separation -- the core noun is ""border"" and حَدِيد (iron) is a secondary noun","1.) Transitive: ""Setting a baseline boundary"" -- foundational action of placing a physical or legal limit on something, or grinding a piece of metal to a point.","2.) Intensive: ""to determine / define / specify"" -- While Form I simply places a boundary, Form II painstakingly establishes exact, precise, and unambiguous limits.","3.) Assymetrical: ""Bordering something OR setting oneself up as an opposing wall/limit."" ","4.) Denominative: ""to sharpen / scrutinize"" -- it takes the inherent quality of a derived noun (iron ""the metal chosen above all others for grinding into a sharp edge/border"" ) and and causes things to be sharp","5.) Reflexive: ""to be defined / be determined / be specified"" ",X,X,"8.) Incohative: ""to be angry / be agitated"" -- Instead of applying sharpness to an external knife or vision, the subject (person or situation) becomes sharp inside (harsh, fiery, or heated)",X,X,Keyword: حَدِيد = Iron -- creates physical barriers (borders) that stop external force && the metal chosen above all others for grinding into a sharp edge/border,"Keyword: إِحْدَاد = mourning -- verbal noun of m.4 -- While Form IV often means ""to sharpen,"" in the context of personal conduct it means ""to self-impose strict boundaries"" which is what many do while mourning.",,,
عدل,"the root resembles a two-sided scale that is level -- before it ever meant a courtroom decision, a math equation, or a mild spring afternoon, the root was about balancing a camel's luggage (see keyword)","1.) ""to be just, to act equitably, or to balance out""","2.) Causative: ""to adjust, to modify, to correct, or to tweak something"" -- you are actively forcing something into a straight, balanced state.","3.) Assymetrical: ""to equal, to counterbalance, or to offset."" --  One-sided interaction or direct comparison. Subject A does something to equal or match Subject B. It is transitive.",X,"5.) Reflexive: ""To be adjusted, amended, or brought into alignment.""","6.) Symmetrical: ""to be balanced / be equitable / tie"" -- a two-way street where both subjects are doing it to each other simultaneously. It is usually intransitive.",X,"8.) Reflexive: ""To become upright, well-proportioned, or moderate (e.g., taqs mutadil = moderate weather)"" -- An inherent state of balance. It doesn't imply someone else fixed it; rather, moderation naturally.",X,X,"Keyword: العِدْل = one of the two equal loads strapped onto a pack animal -- if not identical weights, the camel topples over, and the journey fails. To prevent this, adjust (تَعْدِيل - ta‘dīl) the weight until they match",,,,
قود,"The root revolves around the fundamental physical motion of pulling, leading, or guiding something from the front (traditionally pulling an animal by its reins, as opposed to سَوْق / driving from behind).","1.) Transitive: ""To lead, to drive, to steer, to pilot.""",X,3.) Archaic,"4.) Causative: ""to cause to retaliate"" -- causing someone ""to be led by a rope to face their punishment (ancient Arab culture)"" -- may be used interchangeably with m.8 to mean forcing someone to go somewhere",X,X,"7.) Passive: ""to yield / submit / follow blindly"" -- shifts to the psychological realm; an individual who is munqād (مُنْقَاد) has relinquished control and allows their choices to be drawn forward entirely by someone else","8.) Intensive: ""To Escort, Arrest, or Drag Away"" -- adapts m.1 into a focused, deliberate physical action",X,10.) Rare,,,,,
علم,"""[…] indicates a mark, trace, or sign on a thing by which it is distinguished from others."" -- he says knowledge is simply making or recognizing distinct mental markers (hence key nouns like ""flag"" and ""landmark"")","1.) ""to know / find out"" -- To discern or recognize the ""mark"" of a thing in the mind, isolating it from ignorance","2.) Causative: ""to teach / instruct"" -- Historically, it meant literally putting a physical mark on something ('allama 'alā...). Causatively, it means imprinting a ""mark"" of knowledge onto someone else's mind",X,"4.) Causative: ""to notify / inform"" -- presenting a distinguishing sign/signal to someone else so they are alerted to information.","5.) Reflexive: ""to study / learn"" -- The process of receiving and internalizing marks/signs over time.","6.) Negative: ""to pretend to know, feign knowledge, or brag/show off about how much one knows (often used in a slightly derogatory way)"" ",X,X,X,"10.) Seeking: ""To inquire, request info"" -- Actively searching or asking for a ""sign"" or ""mark"" to clarify what was previously hidden or unknown.","Keyword: العَلَم = A landmark, a mountain, or a flag -- something that marks a direction or boundary.",,,,
ظفر,"the physical claw or nail (ظُفْر / ẓufr) is the primary weapon an animal uses to grab, sink into, and overpower its prey. Thus, this root became the abstract concept of prevailing, capturing, or achieving victory.","1.) ""To succeed""","2.) Causative: ""to cause someone to prevail"" -- granting them the ""claws"" to defeat an opponent -- carries the sense of decisively crushing an opponent",X,"4.) Causative: ""to grant a win"" -- simple causative (whereas m.2 in this case is more intensive)",X,"6.) Collective: ""to be allied with"" -- Multiple parties combining their strength/claws to achieve a unified outcome.",X,X,X,X,,,,,
بحث,"""Bāʾ, Ḥāʾ, and Thāʾ are a single origin denoting stirring or kicking up dirt/dust in the ground, which was then borrowed metaphorically for other contexts.""","1.) Dual:"" بَحَثَ عَنْ = looking for; بَحَثَ فِي "" = examining/studying -- Digging/scratching into a topic to uncover facts",X,"3.) Assymetrical: ""To debate or discuss a research topic with someone"" -- in MSA, m.6 is more common (indicating symmetrical)… but asymmetrical m.3 is completely valid for this root!",X,X,"6.) Symmetrical: ""they are discussing/conferring together."" --  two or more people are having a mutual discussion or deliberation together",X,X,X,X,Keyword: بَحْث = research -- Uncovering facts hidden beneath the surface.,"Keyword: مُبَاحَثَات = talks, bilateral negotiations -- two or more parties are ""digging"" into an issue collectively to find a solution (but m.3 because there are sides, not mutual/symmetrical side)",,,
ركم,"The foundational imagery is the physical stacking or heaping … in MSA, this physical stacking expands into abstract accumulation (work, debt, experience, power) and backlogs.","1.) Transitive: ""to accumulate / amass"" -- This is a standard active, transitive verb. You are physically or conceptually taking individual items and putting them into a pile.",X,"3.) Intensive: ""To accumulate, amass, or build up over time."" --  instead of a one-time physical stacking (Form I), this implies gathering, layering, or hoarding something continuously over a period.",X,X,"6.) Reflexive: ""To pile up, gather, or accumulate itself (Intransitive)"" -- This is a reflexive form where the subject is the thing getting piled up.",X,"8.) Reflexive-Intensive: ""To become tightly packed, congested, or heaped together."" -- emphasizes the result or the dense state of the accumulation",X,X,,,,,
صبح,The literal physical anchor is the arrival of morning light… but the conceptual core that drives all derived words is visibility and transformation from dark/hidden to bright/real.,1.) Rare,"2.) Denominative: ""to greet"" -- the verb literally translates to ""to morning someone""—meaning to perform an action associated with the morning (greeting them).",X,"4.) Incohative: ""to become / begin / start"" -- While it historically meant ""he became in the morning,"" it now just means ""to become"" at any time of day",X,X,X,X,X,10.) Rare,,,,,
بعث,"The core semantic concept of ب - ع - ث revolves around sending forth, dispatching, or setting something into motion from a state of rest/dormancy","1.) ""To send or dispatch someone/something"" -- putting it in motion",X,X,X,X,X,"7.) Passive: ""To emanate, emit, shoot out, or spring forth"" -- the action non-causative and internal; the entity itself ""sends itself forth"" or bursts out spontaneously","8.) Benefactive: ""to send / dispatch."" -- adds intentionality: selecting and dispatching with a designated purpose or goal.",X,X,"Keyword: يَوْمُ البَعْثِ = the day of resurrection -- classical Arabic views resurrection not as ""healing"" the dead, but as sending the soul back into the body or sending mankind forth from their graves.","Keyword: حزب البعث = Arab Socialist Ba'ath Party -- used ""resurrection"" in a secular/nationalist way; implying the need to restore to its historical glory.",,,
عرف,"If we filter out the Quran and look strictly at modern Arabic media (news, politics, law, and culture), the single concept that perfectly unites Ibn Faris's two principles is ""Recognition.""","1.) Transitive: ""To know, recognize, or be familiar with""","2.) Causative: ""To define, introduce, or identify"" -- Actively giving something a clear identity or boundary so others can recognize it.",X,X,"5.) Reflexive: ""To get to know, discover, or become acquainted with"" -- The process of personally acquiring familiarity or discerning details over time.","6.) Collective: ""To get to know each other / network"" -- In social media, culture sections, and diplomacy, you will constantly see phrases like: هيا نتعارف  = ""Let's connect.""",X,"8.) Reflexive: ""To confess, admit, or formally recognize"" -- Publicly or internally acknowledging a known truth or boundary.",X,10.) Rare,,,,,
رخص,"""Rāʾ, Khāʾ, and Ṣād are an origin indicating softness, tenderness, and the opposite of harshness/rigidity.""","1.) Stative: ""To become cheap, inexpensive, or low-priced."" -- Directly reflects financial ""softness"" or the lowering/yielding of price barriers.","2.) Causative: ""To permit, authorize, grant a permit/license, or subsidize."" -- To ""soften"" a restriction, rule, or price so it becomes accessible or allowable.",X,"4.) Causative: ""To lower the price of something, or to deem/hold something cheap/cheapen it"" -- Actively making a price soft or treating an entity as having little value.","5.) Reflexive: ""to obtain a formal license, permit, or official authorization to operate."" -- This reflexive nature is exactly why the verb means ""to obtain a license for oneself"" rather than ""to issue a license.""",X,X,X,X,"10.) Declarative: ""to undervalue / to deem worthless, to treat with utter disregard"" -- this is common in MSA media -- the second definition ""To request permission"" is effectively non-existent in MSA media today","Keyword: رُخْصَة = license -- In classical jurisprudence, refers to a legal concession granting relief under hardship (e.g., breaking a fast while traveling). In modern MSA, it specifically means an official document",,,,
حمي,"From this physical sensation of heat radiating to prevent touch or cause burning, the root expands abstractly into protection, defense, shelter, and hot-tempered zeal.","1.) Contextual: ""To become hot; to intensify"" or ""To protect, defend, or guard"" -- The physical heating up of a object / emotional state; or a metaphorical protective ""heat boundary"" to ward off threats","2.) Causative: ""to make hot / kindle""","3.) Asymmetrical: ""To advocate for, stand up for, or defend (a client/cause)"" -- Directing one's ""protective heat"" in order to defend another party.","4.) Causative: ""To heat to high temperatures, make red-hot, or bake/roast."" -- External application of extreme heat to an object (Common in industrial, culinary, or technical contexts.)",X,"6.) Negative: ""to shun / avoid"" -- protecting oneself from ""the heat of an issue"" by staying away from it.",X,"8.) Benefactive: ""To take shelter / protect oneself"" -- the subject protects itself from ""the heat"" for their own benefit; usually followed by the preposition بِـ (by/with) or مِنْ (from).",X,X,"Keyword: مُحَامٍ = lawyer -- active participle of m.3; A lawyer's primary job is to shield, protect, and defend a client’s rights, property, or freedom within the legal system.",Keyword: حِمْيَة = diet -- Connects to guarding the body by turning away harmful elements.,,,
عود,"the fundamental sensory image is a motion that loops back to its starting point (ex. an arc, or a path revisited) -- from here, the root branches into habitual behavior, visiting the sick, flexible wood, etc.","1.) ""To return, go back; (when negated with a present verb) no longer / not anymore."" -- Direct physical or temporal return to an initial state or point of origin.","2.) Causative: ""to accustom / condition / habituate"" -- To cause someone to repeat an action until it becomes routine","3.) Intensive: ""to reiterate / repeat"" -- the meaning shifts from simple returning, to returning repeatedly, iteratively, or resuming it after an interruption.","4.) Causative: ""To repeat, redo, restore, return, or reactivate (e.g., أَعَادَ البِنَاء - to rebuild)."" -- Actively causing an object, system, or process to return to a previous state or happen again.","5.) Reflexive: ""To get used to, become accustomed to, or form a habit (تَعَوَّدَ عَلَى)."" -- exerting conscious effort, undergoing a gradual process, or struggling slightly to acquire a trait.",X,X,"8.) Reflexive: ""to make a habit of / be accustomed to"" -- re: m.5 being similar: m.8 often emphasizes the final state of possessing the habit (rather than the hard work of getting there)",X,"10.) Causative: ""to recover / regain / reclaim"" -- pulling something back, so that it returns to one's possession or state of being.","Keyword: عُود = Oud (instrument) -- Refers to pliable, flexible wood/branches (which naturally bend back) and, by extension, the famous wooden stringed instrument and aromatic agarwood.","Keyword: عِيَادَة = clinic -- In classical Arabic, عَادَ followed by a human object (عَادَ المَرِيض) specifically meant visiting a sick person to check on their recovery.",,,
وجد,"This root is famously centered around finding, presence, and intense emotional experience -- the root denotes ""finding"" oneself in direct contact with a reality.","1.) ""To Find (Physical/Intellectual Event)"" -- The default, everyday word for finding a lost object, discovering a solution, or concluding a fact.",X,X,"4.) Causative: ""to create, produce, generate"" -- despite AraMaster, m.1 handles ""to find"" 99% of the time IRL in MSA; therefore m.4 gets to a normal Causative verb ",X,"6.) State: ""to exist, be present"" -- in classical Arabic, this had a different meaning… but MSA needed an active way to describe occupying physical space sooooo m.6 filled that exact grammatical void.",X,X,X,X,"Keyword: وِجْدانِيّ = emotional -- In Arabic philosophy, the root doesn't just mean finding lost keys. It also means to perceive through the senses or the mind (""the place where your internal feelings are found."")",,,,
شغل,"occupation, engagement, and the consumption of time, space, or mental attention. Every derived form extends this central idea of taking up capacity—whether physical, mental, or functional.","1.) Transitive: ""To occupy (a position/space), to preoccupy (someone's mind), or to distract/divert.""","2.) Causative: ""To operate/turn on (a machine, car, software), or to employ/hire (workers)."" -- Causes an object or person to enter a state of engagement/work.","3.) Asymmetrical: ""to distract"" -- engagement directed at someone to keep them occupied -- In modern defense, military, and war journalism, شَاغَلَ is standard terminology.","4.) Causative: ""To cause someone to become busy or distracted."" -- Not archaic, but in MSA it frequently overlaps with m.1... and in dialects, m.4 verb is largely absent",X,"6.) Negative: ""to pretend to be busy"" -- to purposely ignore someone/something by occupying oneself with something else","7.) Passive: ""to become occupied"" -- While m.5 and m.6 are niche, m.7 is a word you will hear and read dozens of times a day in news broadcasts, political speeches, and casual standard Arabic.","8.) Reflexive: ""to work / operate"" -- To occupy oneself with an activity or task.",X,X,,,,,
بدا,"origination, inception, initiation, and priority. At its heart, it signifies the very first point of an action or existence—bringing something from non-existence or inactivity into its initial phase.","1.) ""To begin, start, or commence."" ",X,"3.) Asymmetrical: ""To take the initiative, make the first move, or initiate (hostilities/conversation)."" -- Taking the first step toward someone else or making the first move in an interaction.","4.) Causative: ""To express, display, bring forth, or manifest (e.g., expressing an opinion or showing concern)."" -- To cause something to appear for the first time",X,X,X,"8.) Reflexive: ""To commence, start out, or begin."" -- To set oneself into the starting state of an action or project.",X,X,,,,,
بدو,"At its essence, it conveys the transition from being hidden or internal to becoming distinctly apparent or unconstrained in the open.","1.) Stative: ""To appear, to seem, or to become manifest/clear."" -- The direct realization of the root—something making itself seen or appearing to be a certain way.",X,3.) Rare ,"4.) Declarative: ""To express, display, show, or disclose (e.g., expressing concern, showing willingness, revealing a reaction)."" -- To cause an internal thought or feeling to become outward/visible to others.","5.) Reflexive: ""to appear / be manifested"" -- The situation or concept shows itself on its own",X,X,X,X,X,"Keyword: بَدَوِيّ = Bedouin -- quite literally ""a person of the open space."" Because they live without permanent dwellings or urban walls,",,,,
حقق,"The core concept revolves around truth, certainty, reality, necessity, and exactness -- thus conveying the idea of something being firmly established, rightfully due, or brought into actual existence.","1.) Stative: ""To be right, necessary, binding, or proper."" -- Expresses that a right, duty, or outcome has naturally become mandatory or established.","2.) Causative: ""to achieve / realize / reach"" -- It takes the base meaning (""to be true/firm"") and forces it onto an object.",3.) Rare ,"4.) Causative: ""To justify, validate, or confirm as true/right."" -- To render something rightful, to validate, or to make something mandatory.","5.) Reflexive: ""to materialize / be realized"" -- The state of becoming real or verifying a claim for oneself.",X,X,X,X,"10.) Declarative: ""To deserve, merit, or be entitled to."" -- Claiming or possessing the right to receive something based on truth or merit. -- Example: يَسْتَحِقُّ الِاحْتِرَام = ""He deserves respect.""",,,,,
دقق,"the foundational concept of this root is reducing something down to its smallest, finest, and most micro-level particles","1.) ""To knock (on a door); To strike/chime (a clock) or beat (a heart); To crush, grind, or pound (spices, grains)."" -- The direct physical tapping, pounding, *or* crushing into fine particles.","2.) Intensive: ""to scrutinize, inspect, verify, or be highly precise"" -- breaking into smallest possible components because not just looking at the grand picture—examining to ensure total precision",3.) Rare ,4.) Archaic!,X,X,"7.) Archaic in formal news, but alive as slang for ""beaten/crushed"" or dialect for a phone ringing.",X,X,"10.) State: ""to be fine / be thin"" -- As Ibn Fāris established, the absolute core of the root is ""smallness, fineness, and minuteness"".","Keyword: دَقِيقَة = minute -- a small, precisely measured increment of time",,,,
رحل,"travel -- at its core, الرَّحْل historically refers to a camel saddle or the riding gear (In nomadic bedouin life, your saddle was your transport, your luggage carrier, and your home on the move.)","1.) Intransitive: ""To leave, depart, emigrate, or pass away (euphemistically)."" -- Direct execution of departing or departing a location to move elsewhere.","2.) Causative: ""To deport, evict, relocate, or transfer (data/funds)."" -- Forcing or organizing the departure or relocation of someone or something else.",3.) Rare ,X,5.) Archaic!,X,X,"8.) Dual: Reflexive = ""to depart"" // Intensive = ""to pass away (polite euphamism)"" -- compared to m.1, the m.8  sounds more heavy, religious, and poetic.",X,X,,,,,
رتب,"In MSA, it typically revolves around placing something in order, or into an established rank/tier -- in its earliest classical usage, the verb رَتَبَ meant to stand completely still, firm, and unmoving in a single spot.",X,"2.) Intensive: ""To organize, tidy up, arrange, put in order, or plan."" -- literally, putting things into their fixed, proper slots",X,X,"5.) Reflexive: ""to be arranged / be organized / be regulated""",X,X,X,X,X,Keyword: مرتب = salary -- It is an income that has been structured and stabilized so that the employee can rely on it permanently. ,"Keyword: رتابة = monotony -- it means something has lost all fluctuation, and surprise; it is completely fixed and constant",,,
نظم,"order, arrangement, alignment, and stringing things together in harmony -- Ibn Faris noted that the primary sensory origin of the root comes from threading pearls or beads on a string","1.) ""To arrange, organize, compose (poetry), or string together."" -- The basic physical or intellectual act of putting elements into an ordered sequence; this is a Transitive Event.","2.) Intensive: ""to arrange / organize / regulate"" -- While Form I is about a simple sequence, Form II is about macro-organization—managing traffic, planning an international conference, running an institution, etc.",X,X,"5.) State: ""to be organized / be regulated"" -- The Dynamic State of Becoming Organized; used for chaotic systems (like traffic, finances, or a daily schedule) smoothing out and running on a predictable rhythm.","6.) State: ""to be organized / be regulated"" -- unlike m.5, this is a The State of Collective Alignment; focuses on the physical or structural geometry of multiple objects matching, interlocking, or lining up.",X,"8.) State: ""to be organized / be regulated"" -- unlike m.5 and m.6, the subject has locked into a permanent, Unbroken State of Consistency; this is why the active participle مُنْتَظِم means ""regular.""",X,X,,,,,
وصف,"Classical lexicographers note that the underlying sensory origin involves taking an abstract reality, physical appearance, or internal state and laying it out so clearly with words that it becomes visible to the listener.","1.) ""to describe / characterize"" -- ","2.) Intensive: ""To specify, detail, give job specifications for, or categorize thoroughly."" -- Applying a rigorous, itemized breakdown of attributes to a role, item, or standard.",X,X,X,"6.) Collective: ""to describe to each other"" -- Multiple parties exchanging depictions of a shared experience or notable person.",X,"8.) Reflexive: ""To be characterized by, marked by, or possess (a trait) (إِتَّصَفَ بِـ)."" -- Internalizing a description so that it becomes an active, inherent attribute of the subject.",X,"10.) Seeking: ""to seek/request a description or a prescription"" -- Actively soliciting a formal portrayal, diagnosis, or recommendation from an expert.",Keyword: مُسْتَوْصَف = clinic -- The place where a prescription/medical description is sought,,,,
صفف,"the core sensory image is setting things side-by-side in a straight, parallel line (صَفّ)—whether soldiers standing shoulder-to-shoulder, birds spreading their wings flat in parallel flight, or books aligned on a shelf.","1.) ""to arrange / classify"" -- Directly placing elements into a continuous, orderly sequence.","2.) Intensive: ""to arrange"" -- to meticulously organize, layer, or stack multiple elements into a beautifully ordered system",X,X,X,"6.) Collective: ""To form lines together, line up opposite one another."" -- Interactive alignment where two or more groups organize into parallel ranks.",X,"8.) Reflexive: ""To queue up, line up, stand in a line, or side with someone (إِصْطَفَّ مَعَ)."" -- The subjects actively entering into a rank/line formation; taking a side.",X,X,"Keyword: صَالُون تَصْفِيف = hair salon (literally ""alignment salon"") -- Whether parting the hair down the middle, braiding it, etc; you are forcing thousands of individual strands to lie flat and run in uniform rows",,,,
نشا,"The hamzated triliteral root ن - ش - أ (n-sh-’) revolves around emerging, growing, coming into existence, and rising up.","1.) ""To grow up, arise, originate, or develop (نَشَأَ فِي / نَشَأَ عَنْ)"" -- The fundamental act of emerging into life or stemming from an origin.","2.) Causative: ""To raise, rear, bring up, or educate (a child/generation)."" -- Actively guiding and nurturing the growth of a living entity from youth to maturity.",X,"4.) Causative: ""To establish, found, set up, create, or build (e.g., an app, company, or post)."" -- Causing something new to emerge into physical or legal reality from nothing.","5.) Reflexive: ""To be raised, grow up in a certain environment, or absorb traits."" -- The subject internalizing the process of being raised/educated.",X,X,X,X,10.) Rare,,,,,
ربب,"the core image is overseeing something continuously from its initial, delicate stage all the way to its completion -- from this idea of attentive stewardship, the root expanded ","1.) ""to be master of / control"" -- The direct, foundational act of overseeing, maintaining, or taking charge of something.","2.) Intensive: ""To raise, rear, educate, or breed (animals) / cultivate (plants)."" -- Intensifying the nurturing aspect (actively guiding growth and character)",X,X,"5.) Reflexive: ""To be raised, grow up, or be brought up (تَرَبَّى فِي)."" -- The subject experiencing and internalizing the process of being nurtured and socialized.",X,X,X,X,X,Keyword: رَبِيب = stepson -- one who is nurtured/raised under someone else's care,"Keyword: التربية البدنية = physical education -- while تَعْلِيم refers strictly to instruction/academic teaching, whereas تَرْبِيَة encompasses moral development, manners, and character building.",,,
سفر,"The physical sensory root originates in sweeping and clearing -- revealing what was previously covered or hidden (i.e.a face being unveiled, traveling to uncover distant places, seeing true character, etc)","1.) ""To unveil, uncover; to sweep""","2.) Causative: ""To dispatch, deport, send on a trip"" -- Actively causes someone or something to travel/move out (i.e. ""be swept away"")","3.) Asymmetrical: ""To travel, journey"" -- directing your energy in the ongoing process of uncovering distance ","4.) Causative: ""to cause / produce / result in"" -- causing an outcome to be revealed/exposed",X,X,7.) Archaic!,X,X,X,"Keyword: سَفِير = Ambassador -- originally a mediator who ""uncovers"" clarity and resolves disputes between parties.",,,,
اهل,"Historically, it stems from the domestic sphere: entering a tent or household (ahl) -- and i'tihāl or ta'hīl meant making a place lived-in, welcoming, or fitted for habitation *as you can see, it's evolved a bit*",1.) Rare,"2.) Causative: ""To qualify, train, or make someone fit for a task."" -- To render someone fitted/capable",X,X,"5.) Reflexive: ""To qualify, become eligible"" -- To make oneself fit/suited (If you see the word ta'ahhala in the news, it will mean ""to qualify"" [usually in sports or professional contexts] 99.9% of the time)",X,X,X,X,"10.) State: ""To become worthy / to deserve"" -- you enter the state of being worthy, begin to possess the qualities of ahl (fitness/capability)","Keyword: أَهْلاً وَسَهْلاً = Welcome -- the ubiquitous greeting; literally ""You have met family (ahl) and stepped on smooth ground (sahl).""","Keyword: أهلية = Civil, community-based, or non-governmental -- as an adjective, it denotes initiatives that originate from the citizens/people themselves rather than the state or military apparatus.",,,
نجز,"this root focuses on the moment of total realization, accomplishment, and cutting through remaining steps to achieve a final output.","1.) ""To be finished / done"" -- a task or promise organically finished, wrapped up, or came to an end","2.) Intensive: ""To expedite, carry out fully"" -- implies a heavy, aggressive effort to clear out a massive backlog or complete a process aggressively","3.) Negative: ""to fight against / contend with"" -- when forcing the concept of ""bringing something to an end"" into the m.3 asymmetrical framework, you get people trying to ""execute the end game""","4.) Causative: ""To achieve / successfully execute a goal."" -- shifts the action into a definitive, active accomplishment. It is clean, decisive, and professional (used in business, tech, and political journalism)",X,X,X,X,X,10.) Rare,,,,,
نسب,"From the idea of tracing how people relate to one another, this expanded to cover proportional relationship (how numbers relate to each other), suitability (whether something ""relates"" to a specific context), etc.","1.) ""to relate / trace / attribute"" -- Connecting a person/idea directly to its origin or author",X,"3.) Asymmetrical: ""to be compatible with / harmonize with"" -- requires a direct object, because Thing A fits or accommodates Thing B (and the relationship does not have to be mutual)",X,X,"6.) Symmetrical: ""to be in agreement / be compatible"" -- inherently demands reciprocity and partnership, two or more things existing in a shared, locked state of balance, symmetry, or proportion.","8.) Reflexive: ""to be related / be affiliated / be derived"" -- Formally tying or connecting oneself to something",X,X,"10.) Declarative: ""to deem or find something suitable/appropriate"" -- more evidence against the textbook ""seeking"" rule, because this does not mean ""seeking lineage/suitability"" (unless you want to be a jerk)",,,,,
بلغ,"Sensorially, it conveys physical arrival at a boundary or peak. Semantically, this concept of ""reaching"" expanded in two distinct directions: Physical/Temporal && Communication/Delivery","1.) ""To reach, arrive at; to amount to"" -- Directly attaining a physical, numerical, or developmental mark","2.) Causative: ""To report, notify, convey, deliver"" -- Actively causing a message or news to reach someone (m.2 intensive, therefore requires effort, a personal intermediary, or a continuous chain of delivery)","3.) Negative: ""to exaggerate"" -- Over-reaching or pushing an action beyond normal limits (its actual real-world usage is almost exclusively used to criticize, dismiss, or check someone's behavior)","4.) Causative: ""to report / inform / notify"" -- in regard to m.2, this emphasis here for m.4 is entirely on the fact that the recipient has now successfully been made aware","5.) Reflexive: ""to be informed""",X,X,X,X,X,"Keyword: بَلاَغَة = eloquence -- persuasive, beautiful speech that reaches the listener effectively.",,,,
جدف,"Traces to the sweeping stroke of an oar -- this physical action which is split into two domains: Physical Propulsion (naturally) && Cursing (""slashing through sacred boundaries like an oar cuts through water"")","1.) ""to row""","2.) Contextual: ""To row continuously; *or* to blaspheme"" -- repeated intensive rowing; *or* speech that slashes through sacred boundaries much like an oar cuts through water.",X,X,X,X,X,X,X,X,,,,,
حدو,"a deeply poetic and culturally rich root that centers on singing to camels to urge them forward, driving/herding from behind, and spurring action through rhythmic motivation.","1.) ""To sing to camels; to urge, prompt, incite"" -- Directly driving or motivating forward through vocal or physical force","2.) Intensive: ""inciting, provoking, or driving someone forward aggressively."" -- much like a driver intensely urging a stubborn camel.",X,X,"5.) Reflexive: ""to compete / to challenge"" -- placing yourself in a posture of provocation or incitement -- naturally evolved into the modern meaning: to challenge or to defy",X,X,X,X,X,"Keyword: حُدَاء = ""Camel Driver's Chant"" -- The traditional rhythmic singing used to herd, soothe, and pace camels across the desert (recognized on UNESCO's Intangible Cultural Heritage list).",,,,
حمل,"The trilateral Arabic root ح-م-ل (ḥ-m-l) centers on the fundamental sensory concept of lifting, bearing a load, carrying a weight, and enduring responsibility.","1.) ""To carry, bear; to become pregnant"" -- Directly lifting/supporting a physical load or fetus","2.) Causative: ""to charge (with responsibility) / blame / impose / make carry"" -- Actively loading weight or assigning a duty/blame onto another",X,X,"5.) Reflexive: ""To endure, tolerate, bear costs/blame"" -- Taking a burden entirely upon oneself","6.) Negative: ""To Be Biased / Unfairly Target Someone"" (90% of Media Use) -- you are over-loading your judgment or argument against someone -- ""To Push Through Pain / Over-Exert Oneself"" (the other 10%)",X,"8.) Reflexive: ""To be probable"" -- shifted to ""probability"" in modern MSA because the passive voice يُحْتَمَلُ أَنْ... (It is borne/sustained that...) became the standard way to say ""It is possible/probable that...""",X,X,"Keyword: حَمْلَة = campaign -- initially evolved to military term (i.e. army is carrying its weight and crashing it into the enemy) -- evolved again to politics, but the idea of carrying remains (i.e. carrying a message)",,,,
رجع,"The root of رَجَعَ is about reversal -- it focuses on the mechanics of going back the way you came (whereas  عَادَ focuses on returning to a baseline state, a familiar place, or repeating an action)","1.) ""to return"" -- used for Physical Backtracking (ex. physically turn around on a road), Retracting an Action (ex. reverse a verbal or mental decision), Direct Transitiveness (ex. to restore or hand back), etc","2.) Causative: ""to cause something to return / to send something back"" -- actively causing something to return -- indicates repetition or physical intensity (as opposed to m.4 -- see grammar note for more info)","3.) Asymmetrical: ""To review, double-check"" --  directing ""mental reversal"" in order to return to something repeatedly with your mind or eyes.","4.) Causative: ""to cause something to return / to send something back."" -- in relation to m.2, this indicates an immediate or abstract causation; can be used for legally return, attribute, or reset.",5.) Rare,"6.) Intensive: ""To retreat, decline, back down"" -- intensifying the core action of returning, in this case you are moving backward from a position or progress made",X,8.) Rare,X,"10.) Benefactive: ""to take back something that belonged to you"" -- taking something back for your own benefit","Keyword: مَرْجِع = Reference / Authority / Source -- a text, institution, or expert that one turns back to for facts or ruling.","Grammar note: If you are handing a library book back, you use Form IV (أَرْجَعَ) because it is an immediate, abstract shift of ownership. If you are pacing back and forth, you are using Form II (رَجَّعَ).",,,
ذهن,"By Ibn Faris defining ذ-ه-ن strictly as ""strength,"" he confirms that ancient Arabic lexicographers viewed memory/intelligence as the literal stamina, muscle, and power of the human intellect",1.) Archaic! ,X,X,4.) Archaic!,X,X,X,X,X,X,"Grammar note: while this root functions almost exclusively as a noun in modern times, it originates from a fully realized verbal root system",,,,
سيف,"Ibn Faris states that the root س-ي-ف indicates ""an extension or length in something"" -- produced the nouns سَيْف (sword) and سِيف البَحْر (the coast/shore)",1.) Archaic! ,X,"3.) Asymmetrical: ""To fence"" or ""to duel with swords"" (literally translates to ""swording one another"")",X,X,X,X,X,X,X,,,,,
فشل,"Failure -- sensorially, it evokes something collapsing under pressure rather than holding its rigid structure.","1.) ""to fail / be unsuccessful"" ","2.) Rare -- while grammatically correct, it is often avoided in favor of Form IV because it can sound a bit forced or archaic to modern ears.",X,"4.) Causative: ""To defeat, sabotage, disrupt"" -- Direct action that renders an effort or operation unsuccessful",X,X,X,X,X,X,,,,,
سدس,"The trilateral root س-د-س (s-d-s) centers on the numerical concept of six, sixfold grouping, and division into sixths.",1.) Rare,"2.) Causative: ""To make six-sided; to make sixfold"" -- make sixfold, actively shaping or dividing into six parts",X,X,X,X,X,X,X,"10.) Seeking: ""to ask for a sixth"" -- Requesting or demanding a one-sixth share",Keyword: مسدس = pistol --  The meaning extended to a handgun or revolver (historically a six-shooter) because early multi-shot firearms featured a six-chamber cylinder,,,,
درج,The root stems from the physical act of taking individual steps (stepping up/down a staircase) or moving along a path in incremental phases -- evolved to include many abstract derivatives,"1.) ""to walk step by step, to advance or proceed gradually, or to move along a path"" ","2.) Causative: ""to categorize / classify / gradate"" -- mental gymnastics: if you classify data, you are physically placing different files onto different steps of that staircase based on importance.",3.) Rare,"4.) Causative: ""to insert / include / integrate"" -- by making something ""move step by step"" , you are causing it to be included/inserted/integrated/etc","5.) Reflexive: ""to progress / be gradated / advance gradually"" -- Moving oneself incrementally through stages or levels",X,"7.) Passive: ""to be inserted / be classified""",X,X,"10.) Causative: ""To lure, entice, or draw out step-by-step"" -- causing someone/something move forward incrementally toward a specific outcome","Keyword: دَرْج = Drawer (in furniture) -- As furniture evolved, the compartment used to store papers, small items, or records—which you pull out incrementally along a track step-by-step",,,,
نصص,"Evolved to mostly be text related, but its origin lies in raising something to make it visible—such as a bride being elevated on a display platform (مَنَصَّة) so everyone can see her clearly","1.) ""To state explicitly, specify, stipulate, or quote verbatim"" -- Making an idea prominent and fixed without ambiguity",X,X,X,X,X,X,X,X,X,"Keyword: نَصّ = Text -- in the pre-Islamic desert, نصّ meant to lift something up … so it became the technical word for verbatim wording of a document -- as they are words ""elevated"" above all doubt","Keyword: منصوص عليه = stipulated, specified, or expressly stated (legal contracts) -- it is not buried in the fine print or left to vague interpretation; it has been been elevated for everyone to see.",,,
عقق,"From this core idea of ""cutting through,"" it branched into two main directions: Disobedience to parents/authority, and birth/slaughter rituals  ","1.) ""to disobey"" -- Tearing or severing the natural bonds of kinship",X,X,X,X,X,X,"8.) Reflexive: ""to perform the slaughter ritual"" -- In Islamic tradition, when a baby is born, it is a custom (Sunnah) to slaughter a sheep or goat to celebrate and feed the poor. This ritual animal is called an عَقِيقَة ",X,X,"Keyword: عَقِيق = Agate or carnelian stone -- named for its cleft, split-like veins and deep red hue","Keyword: عَقَاق = Infertility or barrenness -- from the idea of being ""cut off"" from producing children",,,
عوق,The core idea is holding back or impeding the movement of a person or livestock—i.e. putting an obstacle in front of someone to prevent or delay them from reaching their destination,"1.) ""To hinder, detain, impede, or hold back"" -- considered classical/literary -- Mostly obsolete in speech and modern news. It sounds archaic to modern ears.","2.) Intensive: ""To hinder, detain, impede, or hold back"" -- adds the meaning of a prolonged, intentional delay -- implies the target is running late because of an obstacle.",X,"4.) Causative: ""To hinder, detain, impede, or hold back"" -- Most common (out of m.1, m.2 and m.4) -- Standard for physical, systemic, or abstract barriers.","5.) Reflexive: ""To be delayed, hindered, or held back""",6.) Rare,X,"8.) Rare -- The reason is for practicality -- Arabic speakers instinctively avoid it because of how close it is to إِعْتَاق (Root: ع-ت-ق): legal term for ""the freeing/emancipating of an enslaved person""",X,X,"Keyword: مُعَاق = disabled/handicapped person -- however just like in English, MSA now perfers phrases like ذَوِي الاِحْتِيَاجَاتِ الخَاصَّة (people with special needs) and  ذَوِي الإِعَاقَة (people of disability)",,,,
غلب,"The Arabic tri-literal root غ-ل-ب (gh-l-b) fundamentally centers around overcoming, prevailing, dominating, and tipping the scales in one's favor.","1.) ""To defeat, conquer, overcome, or overpower""","2.) Causative: ""to give precedence to / to favor / to make something prevail over something else."" -- causing something to have priority to ensure it is victorious","3.) Asymmetrical: ""To struggle with, contend against, or try to suppress"" -- directing your energy in an attempt to gain dominance -- not inherently negative, but carries vibe of intense effort",X,"5.) Reflexive: ""to overcome / surmount""",6.) Rare,X,X,X,X,Keyword: غالِبِيَّة= majoirty -- that which is dominant,,,,
قتل,"The core idea is physical violence in battle—delivering a fatal strike to deprive a body of life or force. However, over time, this evolved beyond literal homicide into things like military engagement, etc","1.) ""To kill, murder, or slay""","2.) Intensive: ""To massacre, slaughter, or kill en masse"" -- Repeated, widespread, or intense execution of killing","3.) Asymmetrical: ""To fight, combat, or engage in battle against"" -- directing your energy in an attempt to kill/defeat an opponent",X,5.) Rare,"6.) Symmetrical: ""to engage in mutual combat"" -- two or more parties doing it together (so the subject must always be plural or dual) -- however, still implies distinct sides clashing (re: how it differs from m.8)",X,"8.) Reciprocal: ""to engage in mutual combat"" -- mplies that the groups have become entirely entangled or consumed by the infighting, effectively turning into a single chaotic mess of warfare.",X,"10.) Intensive: ""To fight desperately; to expose oneself to death"" -- risking death by fighting recklessly/desperately",,,,,
صنف,"This root centers around splitting/separating into distinct categories -- the صَنِفَة (ṣanifah) is the distinct, woven edge, border, or fringe of a cloth that separates it from the rest","1.) Archaic: صَنَفَ الشَّجَرُ (ṣanafa al-shajaru), which meant ""the tree's leaves or buds began to sprout or split into different colors"".","2.) Denominative: ""to sort / classify / compile"" -- not an intensification of sprouting leaves; it's from the noun concept of ""different types"" -- note: this noun has all but taken over how this root is used in MSA",X,X,"5.) Reflexive-2: ""To be divided into categories""",X,X,X,X,X,,,,,
صوف,The Arabic hollow root ص-و-ف (ṣ-w-f) fundamentally centers around animal fleece (sheep wool),"1.) Contextual: ""To become wooly; to yield wool; *or* to turn away/bend"" -- Growing a thick fleece or physically bending like soft fiber",X,X,X,"5.) Denominative-Reflexive: ""to become a Sufi / become a mystic"" -- literally ""clothing oneself in wool"" as a mark of ascetic devotion",X,X,X,X,X,Keyword: التَّصَوُّف = Sufism -- Islamic ascetism (Sufism) due to the coarse woolen garments worn by early mystics.,"Fun fact: Sufjan Stevens (sorry bro) is not ""comes with a sword"" in Armenian -- it is either related to Sufism -- or (as a singular Arabic name) Sufyan comes from the root سفي which meant ""fast walker""",,,
سلح,"The base verb سَلَحَ originally meant to discharge waste from the body -- but it evolved to weapons: just as the body ""voids waste,"" a warrior discharges/unsheathes/flings a weapon and/or protective gear","1.) ""To arm (someone); to void/discharge (classical)"" -- Base action of discharching/equipping tools for protection or defense","2.) Causative: ""To arm, supply with weapons, or reinforce"" -- Actively equipping a military unit, force, or building with combat gear",3.) Rare,X,"5.) Reflexive: ""To arm oneself; to become equipped or prepared""",6.) Rare,X,X,X,X,,,,,
شجر,"The Arabic tri-literal root ش-ج-ر (sh-j-r) fundamentally revolves around branching out, tangling, interlocking, and spreading from a central core.","1.) ""to tangle, interlace, or prop up."" -- While Hans Wehr is right about the modern definition (""to happen / arise""), look at the structural constraints of how the verb actually functions","2.) Denominative: ""to plant trees / afforest""","3.) Asymmetrical: ""To quarrel, bicker, or contend with"" -- Entangling with someone in a back-and-forth verbal dispute",X,X,"6.) Symmetrical: ""To dispute, fight, or quarrel with one another"" -- A group or pair mutually engaged in an argument.",X,"8.) Intensive: ""to quarrel / dispute"" -- the situation itself has grown out of control, and becomes completely knotted and tangled—just like overgrown branches in a wild thicket.",X,X,"Keyword: شَجَرَة = tree -- When nomadic Arabs looked at a thicket of trees (شَجَر), they didn't just see wood and leaves; they saw branches twisting, overlapping, interlacing, and locking into one another.","Music: Rush - The Trees (kinda funny, 'eh?) but music is haram LMAOOOOOOO shout out to YYZ a tritone legend and shout out to Neil Peart drum legend",,,
جوز,"Its primary sensory origin comes from physical geography: crossing over a land, river, or desert valley -- this concept of passing evolved into abstract things like permission","1.) ""To pass, traverse; to be permissible/possible"" -- Moving across a boundary; passing legally without hindrance *or* It describes the state of the object itself being allowed","2.) Contextual: ""To permit; *or* to marry off (dialectal/classical)"" -- allowing something to pass through; declaring it to be permissible -- m.4 is more formal/legal authorization","3.) Asymmetrical: ""To exceed, surpass, overstep, or pass beyond"" -- crossing over a line, limit, or established boundary","4.) Causative-Resultative: ""to allow / authorize / endorse"" -- used for official authorizations -- if m.2 is the judge saying ""this looks legal,"" m.4 is the boss signing the paperwork to make it happen.","5.) Rare -- For 99% of your practical communication in Modern Standard Arabic, you will never need to produce this verb.","6.) Intensive: ""To bypass, overcome, step over, or move past something."" -- often carries a nuance of leaving something behind or breaking a restriction.",X,"8.) Reflexive: ""to surmount / overcome"" -- Successfully traversing a terrain, hurdle, or test",X,"10.) Rare -- Outside of traditional Islamic schools and high-level academic debates, it is practically nonexistent in everyday spoken or written MSA. You will never need it for standard communication.",Keyword: جَائِزَة = Prize -- originally a grant/pass given to a traveler for crossing a region,"Keyword: جَوَّز = to marry -- because under Islamic law, marriage is the legal mechanism that grants permission for a couple to be together.",Keyword: جَوْز = walnut -- this is actually not native to the Arabic root. It is an ancient loanword from Persian.,,
تمم,"The Arabic geminate root ت-م-م (t-m-m) fundamentally revolves around completeness, total fulfillment, perfection, and reaching an end state.","1.) Intransitive: ""To be completed / to finish (happens on its own)""","2.) Causative-Steps: ""To finalize, to complete step-by-step, or to execute."" -- implies a process of carrying out details to cross the finish line.",X,"4.) Causative-Result: ""To finish completely / to bring to perfection."" -- Executing something to its absolute end without leaving gaps",X,X,X,X,X,10.) Rare,Keyword: تَمَام = okay -- everything is complete/entire,"Keyword: تَمِيمَة = Amulet / charm / talisman -- historically believed to bring ""complete"" protection",,,
ركب,"The idea stems from the physical act of climbing onto the back of a mount (a horse or camel)—which is where the ideas of overlaying, fitting together, riding, etc come from","1.) ""to get on / board / ride / climb"" ","2.) Causative: ""to install / assemble / put together; or synthesize/compound"" -- not denominative, derived directly from the basic action of making parts ""ride"" or go onto one another",X,4.) Rare -- the Form II variant رَكَّبَ (rakkaba) has largely taken over its meaning in both modern prose and speech.,"5.) Reflexive-2: ""to be composed / consist"" -- Being formed by the combination or stacking of multiple elements","6.) Intensive: ""to pile up, accumulate, or override one another"" -- describes a state where layers or events happen one after the other, resulting in a stack or a sequence.",X,"8.) Negative: ""to commit / perpetrate"" -- to saddle oneself with a burden",X,X,Keyword: رُكْبَة = knee -- a knee is the joint where the heavy thigh bone mounts and rests directly on top of the shin bone,,,,
عضل,"This stems from the idea of a muscle bundle (‘aḍalah)—tough, fibrous tissue that becomes hard and tight when contracted","1.) ""to prevent"" -- Hyper-Specific Restriction: This verb is primarily applied to guardians (you cannot use ‘aḍala to describe blocking traffic or stopping someone from eating)","2.) Denominative: ""To develop muscles"" -- You use it to describe the process of developing muscles through effort.",X,"4.) Inceptive: ""to be difficult / pose a problem"" -- the problem has simply entered a state which has tightened (like a muscle) and cannot easily be untangled (absolutely zero religious or legal connotation)","5.) Reflexive-2: ""To become muscular"" -- Focuses entirely on the subject experiencing the physical change.",X,X,X,X,X,,,,,
كفي,"fundamentally revolves around sufficiency -- think of the palm of the hand ( كَفّ ) being held out to ward off danger, stop a threat; or cupped to hold water/food to satisfy immediate needs.","1.) ""To be enough, to suffice, or to protect."" -- Providing an adequate amount or shield so that no additional input is needed.",X,"3.) Asymmetrical: ""To reward, compensate, or match"" -- Offering an equal or sufficient return that balances out an action or service.",X,X,X,X,"8.) State: ""To content oneself with, be satisfied with"" -- Reaching a personal threshold of satisfaction where no further seeking is required.",X,"10.) State: ""to be satisfied"" -- a more intense, active, and deliberate version of Form VIII (اِكْتَفَى) to express ""being satisfied.""","Keyword: مكافآت عينية = tangible, material rewards -- a measure given to satisfy a completed effort.",Keyword: كِفَايَة = adequacy -- the state of possessing enough resources or capability to fulfill a requirement fully.,,,
تلو,"one thing following directly in the footsteps or wake of another -- Because reading involves following word after word in unbroken sequence, this became the primary verb for formal reading and recitation.","1.) Contextual: ""To follow (someone/something); to recite or read aloud"" -- Physically following behind someone or something; visually/vocally following text line-by-line",X,X,"4.) Rare -- Instead of a Form IV verb, speakers and writers use the basic Measure I verb تَلَا (talā, to recite or read) or its verbal noun تِلَاوَة (tilāwah, recitation) in both formal and daily contexts.",X,"6.) Intensive: ""to follow one another / be successive"" ",X,,X,10.) Rare,,,,,
برز,"comes from physical terrain: stepping out from a hidden, sheltered place into an open, flat plain (بَرَاز - barāz) where there are no trees or hills to obscure visibility.","1.) ""To appear, emerge, stand out, or protrude"" -- Stepping out into full view or projecting outward from a surface -- intransitive, the subject does it themselves","2.) Intensive: ""To excel, to surpass others, to qualify, or to highlight"" -- Causing someone or something to stand out clearly above peers","3.) Asymmetrical: ""To duel, compete against, or challenge to a fight"" -- Stepping out onto an open field face-to-face against an opponent","4.) Causative: ""To highlight, showcase, feature, or produce/publish"" -- Bringing an idea, feature, or document out into clear public view (the subject does it to something else)","5.) Denominative: ""to defecate"" -- The word البَرَاز (al-barāz) originally referred to an open space, and when someone needed to relieve themselves, they would say they were going out to the open field for privacy","6.) Symmetrical: ""To duel or engage in mutual competition""",X,"8.) Rare -- Hans says it exists, but allegedly ""Standard modern dictionaries and corpuses do not list i-b-ta-ra-za as a valid or living lexical item""",X,X,Keyword: بَرَّاز = Champion duelist -- one who frequently steps out to fight on open ground.,,,,
ضعف,"comes from physical soft/flaccid structure—bends easily under pressure, or folds over onto itself. This visual image of folding something back onto itself led directly to the concept of doubling or multiplying","1.) ""To be/become weak, feeble, or impaired"" -- Lacking strength, stamina, or structural resistance","2.) Denominative: ""To double/multiply"" -- It is not derived directly from the abstract verbal meaning of ""being weak."" -- Focuses on a literal, specific mathematical doubling ","3.) Intensive: ""To double, multiply, or compound"" -- Focuses on exponential, continuous multiplication, or compounding (making something many times larger, not just strictly 2x)","4.) Causative: ""To weaken, enfeeble, or undermine"" -- causing someone or something to be weak, have the vigor, force, or authority sapped from them",X,"6.) Reflexive-3: ""To be doubled, to multiply itself"" -- Growing by multi-fold increments or compounding rapidly",X,X,X,"10.) Declarative: ""To view someone as weak / to underestimate them"" -- Viewing or keeping a group/person in an inferior, helpless state","Keyword: المُسْتَضْعَفِينَ = the oppressed -- Because an aggressor deems someone weak, they target them ",,,,
شعر,"origin comes from physical body hair (شَعْر - sha‘r)—specifically the fine, highly sensitive strands on skin that react to the lightest touch, cold, or shift in the air","1.) ""To feel, sense, perceive, or realize""",X,X,"4.) Causative: ""To inform, notify, or signal"" -- Causing someone to become aware or perceive something",X,X,X,X,X,"10.) Intensive: ""To sense intuitively, feel incoming danger, or sense deeply"" -- intense of m.1, subject is actively tuning their senses to perceive hidden cues.",,,,,
مخخ,"Ancient Arabs used the root to describe extracting bone marrow --however, مُخّ did not just mean fat; it symbolized the core, essence, or best part of anything.",X,X,X,X,X,X,X,X,X,X,"Keyword: مُخّ = brain -- A bone is a hard, hollow container. The skull is also a hard, hollow container. Because the brain looked like ""the marrow of the head,"" the word مُخّ was extended to cover it",,,,
ركن,Concrete architectural origin. It originally denoted the strongest outer corner or load-bearing wall of a building (al-rukn) that holds up the entire structure.,"1.) ""To rely upon, depend on, lean towards"" -- Focuses on the act of trusting or leaning emotionally, mentally, or physically toward something",X,X,4.) Rare,X,X,X,"8.) Reflexive: ""To rely completely on, lean upon, rest against"" -- Carries a more intensive, self-directed, or physical nuance. It implies firmly planting or bracing oneself on a support system.",X,X,,,,,
ادب,Originally this root meant inviting people to a feast/banquet -- a big feast was the ultimate sign of culture and high social standing -- eventually the word evolved to describe the manners themselves ,"1.) Rare: ""to be well-mannered, polite, or cultured"" -- While it is grammatically valid, its usage has completely frozen into specific noun and adjective derivatives","2.) Causative: ""to discipline, teach manners to, or punish someone"" -- Actively imparting adab (manners/ethics) or correcting behavior through discipline.",X,4.) Rare,"5.) Reflexive: ""To behave politely, acquire manners, learn etiquette"" -- The process of adopting refined behavior or showing deference/politeness.",X,X,X,X,X,"Keyword: أَدَب = literature -- tutors were called مُؤَدِّب (""one who instills manners""); the knowledge required to be polite (ex. Literature) became known as أَدَب  (also, ""feed the mind a banquet of words"")",,,,
عضو,Ancient Arabs used the root to describe butchering or dismembering an animal carcass (ʿaḍḍa-hu) by severing it cleanly along its distinct joints or limbs (ʿaḍw).,"1.) ""To divide, cut into pieces, or apportion something."" -- The original physical act of severing an animal along its joint lines.","2.) Intensive: ""To divide something up into separate parts or fractions."" -- breaking something down completely into distinct components (appears in Islamic jurisprudence (Fiqh) regarding the division of property)",X,X,"5.) Reflexive: ""To be divided into parts; to become organized into members"" -- The state of a system or body being structured into functional individual units.",X,X,X,X,X,"Keyword: عُضْو = Organ / Member (anatomically or member of a group) -- evolved from a ""carved cut of meat"" to meaning any distinct, specialized physical part of a living body (or member of a group)","Keyword: عُضْوِيّ = Organic / Member-related (Adjectival form (nisbah)) -- living creatures are made of organs working as a unified whole, so the term expanded to mean ""characteristic of living, biological life""",,,
عمد,"It stems from عَمُود — the central wooden pole or pillar that holds up a tent or structure. Without this central post, the whole shelter collapses.","1.) ""To intend, set out to do, act deliberately"" -- metaphorically planting yourself on a purpose (Simple, direct action.)","2.) Contextual: ""To baptize; *or* to support with pillars"" -- Setting up a structural post; in Christian context, establishing spiritual support.",X,X,"5.) Reflexive: ""To do something with full premeditation, malice aforethought, or absolute willful intent."" -- internal intent; you didn't just drift toward a goal; focuses on the willful psychology ",X,X,"8.) Reflexive: ""To rely upon, depend on, adopt, approve, or accredit something."" -- external reliance; you find a metaphorical pillar and lean your entire body weight against it so you don't fall.",X,X,"Keyword: عَمِيد = Brigadier General -- in classical times, a highly relied-upon warrior was called عَمِيد because the tribe ""leaned upon"" him for survival and strategic military leadership during wartime",,,,
بحر,"vastness, abundance, and wide, unrestricted expansion -- ancient Arabs used the sea as the ultimate physical symbol for anything that is massive, deep, and seemingly endless.",1.) Rare,2.) Rare,X,"4.) Denominative: ""to travel by sea / set sail"" -- not related to the original pre-historic physical act was indeed slitting something wide open or carving a deep trench in the earth.","5.) Reflexive: ""To dive deeply into (a topic); to master a field""  -- Metaphorically ""sailing/plunging into the sea"" of a subject to master its depths.",X,X,X,X,"10.) Rare: ""to delve into / expand"" -- basically intensive of m.5 and people use m.5 more than m.10",,,,,
غذو,"In early lexicography, its sensory origin was linked to the steady, continuous flow of a vital fluid—such as milk from an udder or blood flowing through a vein--it evolved to refer primarily to nutrition",1.) Rare,"2.) Intensive: ""To nourish, feed, supply (e.g., grid, data)"" -- Actively and continuously providing fuel, nutrients, or resources",X,X,"5.) Reflexive: ""To feed on, nourish oneself, eat a meal"" -- Internalizing nourishment; the act of consuming food (The Everyday Default)",x,x,"8.) Rreflexive: ""To take as food"" -- mostly used in scientific texts, philosophy, and high poetry. It describes the process of absorbing nourishment or drawing life/inspiration from a source (use m.5 for basic meals)",X,X,Keyword: غِذَاء = nourishment/food -- the primary noun representing the physical substance consumed to sustain life and physical energy.,,,,
عقل,"""The transition from a literal camel rope to the abstract human mind is one of the most celebrated cognitive leaps in the Arabic language."" --Google (pretty much only refers to intellect now, aside from m.8)","1.) ""To comprehend, to reason"" -- when you finally understand a complex concept, your brain has successfully wrapped itself around the idea and bound it tight so it won't slip away.","2.) Causative: ""To make wise, enlighten, bring to reason"" -- making someone else restrain impulse, bind concepts together, and exercise reason or restraint.",X,X,"5.) Reflexive: ""To Be Rational / Use One's Head"" -- Applying self-restraint and conscious logic to a situation","6.) Negative: ""To Fake Intelligence"" -- often used to describe pretending to have a trait you don't actually possess (not super high frequency, but used IRL to call someone out for acting like a know-it-all)",X,"8.) Denominative: ""To detain, arrest, apprehend"" -- bypasses the intellectual verbs which come before it, and anchors itself onto the physical, concrete noun: العِقَال (the original rope for restraining camels)",X,X,"Keyword: عِقَال = Traditional cord/headband -- when the camel was moving, the binding rope (عِقَال) was placed on the camel's head; eventually humans commandeered it to hold their headcloths in place",,,,
كتب,"Before it had anything to do with words or war, the verb كَتَبَ (kataba) meant to stitch a leather waterskin shut -- ""drawing together"" two separate pieces into a tight, sealed, leak-proof whole","1.) ""to write"" -- Stitching letters/ideas together (90% of the time this verb just means ""to write"" -- there are other uses, but this is not supposed to be a comprehensive guide)",X,"3.) Asymmetrical: ""To correspond with (written), write to someone"" -- directing your energy to exchange written ideas with someone",4.) Rare,X,"6.) Symmetrical: ""To correspond with (written), write to someone"" -- Continuous, two-way written communication",X,"8.) Benefactive: ""To subscribe, register, enroll"" -- Having one's name bound/written into a formal list",X,"10.) Seeking: ""commissioning a writer / hiring a ghostwriter/contributor"" -- requesting the act of writing from another; everyday ""dictation"" was stolen by the verb amlā أَمْلَى","Keyword: كَتِيبة = Battalion -- directly ties to the root's ancient sensory origin (a collection of soldiers ""stitched"" into one organized force)",,,,
بشر,"Historically, bashara referred to the epidermis (the exposed layer of human skin) -- from the idea of emotions manifesting as physical changes on the skin (ex. Blushing) the root expanded metaphorically","1.) Rare: in daily life, it almost always means ""to grate food or to peel the outer layer of something"" (removing the skin) -- historically ""to bring good tidings"" but IRL ppl prefer m.2","2.) Denominative: ""To bring good news, herald; to announce joy"" -- Causing someone's skin/face to radiate with joyful news","3.) Asymmetrical: ""to embark upon / proceed"" -- historically implied direct interaction or face-to-face contact, but meaning has evolved into a metaphorical one",4.) Rare,X,X,X,X,X,"10.) Reflexive: ""To rejoice at, see as a good omen"" -- Actively taking joy in good news; feeling optimism on the surface",Keyword: بَشَر = Humanity -- denotes humans specifically in contrast to other creatures (i.e. our skin compared to the skin of other creatures),"Keyword: مُبَاشِر = Direct, immediate, live (broadcast) -- this is the active participle of m.3; which indicates zero gap or barrier in the broadcast, like skin pressed against skin.",,,
كلم,"In ancient usage, kalm referred to a physical wound or cut that broke the skin -- and this concrete act evolved into vocal expression: speech as an audible sound that ""strikes"" the ear,","1.) Rare: ""To wound, injure, pierce"" -- Base physical action of leaving a sharp mark or cut","2.) Denominative: ""To speak to, address someone"" -- completely bypasses the physical action of cutting && behaves as a denominative verb derived from the core nouns كَلَام (speech) or كَلِمَة (word)","3.) Rare -- the Monopoly of Form II and V: To express the idea of speaking, Modern Standard Arabic and spoken dialects rely almost exclusively on تَكَلَّمَ (Form V) or كَلَّمَ (Form II)",X,"5.) Reflexive: ""To speak, talk, utter words"" -- Emitting vocalized thoughts; the general act of speaking","6.) Rare -- an old form meaning ""to speak to one another after a rupture or argument."" Modern speakers just use تَحَادَثَ (tahādatha - to converse) or phrase it descriptively.",X,X,X,X,,,,,
عقب,"The root عقب (ʿ-q-b) lies anchored in the primary sensory origin of the heel of the foot (ʿaqib), what immediately follows behind, or that which comes after in sequence.","1.) ""To follow immediately behind, to succeed, or to come after in time."" -- Transitive/Intransitive Event; Used in history, current events, and news to state that one event naturally followed another in a timeline.","2.) Causative: ""to comment, give a follow-up remark, or add onto what someone just said."" -- causing your words to follow a matter; It is almost always paired with the preposition عَلَى (ʿalā).","3.) Negative: ""To punish, penalize, sanction"" -- Applying an immediate consequence that ""follows"" a wrongdoing; you are stepping on someone’s heels as a consequence of their bad behavior.","4.) Causative: ""To result in, trigger, or be followed by"" -- Causing an outcome to directly trail behind an event","5.) Intensive: ""To track, trace, or pursue"" -- to systematically place your feet exactly where their heels were; active in law and tech vocabulary (e.g., tracking packages, tracking data, tracing IP addresses).","6.) State: ""To alternate, succeed one another in turns"" -- multiple entities are participating in a State of Cyclic Succession—one taking the heel of the other in an unbroken loop.",X,X,X,X,"Keyword: عَقَبَة = ""Obstacle, hurdle, steep pass."" -- originally a difficult path where one must watch their footing/heels, now any barrier in one's path.","Keyword: أَعْقَاب = ""Offspring, descendants"" -- Metaphorical extension of heels: those who walk in the footsteps trailing after their predecessors.",,,
خلص,"The root خلص (kh-l-ṣ) is grounded in refining and purifying -- hstorically, khalaṣa referred to churning milk to separate butter from whey, or smelting metal to separate pure gold from slag.","1.) ""To reach a conclusion, finish, or emerge"" -- reaching something that is free of impurities or confusion; settling down to an essence","2.) Denominative: ""To save, rescue, or clear (customs/tasks)"" -- Actively separating something from a trap, entanglement, or debt","3.) Asymmetrical: ""To Clear Accounts / Purify Relations With Someone"" -- rarely used as a verb but survives through its nouns (directing your energy to reach a conclusion where things are pure with someone else)","4.) Causative: ""To make something pure or to render one's actions sincere"" -- Causing one's own intent or work to be pure","5.) Reflexive-2: ""To get rid of, dispose of, or break free"" -- To clear, rescue, or rid oneself of a burden.","6.) Symmetrical: ""to settle accounts with each other; *or* to mutually clear a debt/obligation."" -- example: You and your landlord mutually agree debts are clear",X,X,X,"10.) Causative: ""To extract, deduce, or derive"" -- Causing an essence to be extracted",Keyword: ملخص = summary/abstract (of a research paper) -- the pure remaining substance after all extraneous narrative or material has been strained away.,,,,
بلد,"In early lexicography, balada meant to mark out an area or stick to a specific spot without moving --this evolved to describe (by extension of remaining inert or fixed) dullness or lack of swiftness","1.) Denominative: ""To be slow-witted, dull, or thick-headed.""","2.) Causative: ""To accustom or acclimatize someone to local conditions or a town."" -- Making someone custom-bound to a territory or numbing their senses ",X,X,"5.) Reflexive-2: ""to be habituated / be acclimated""","6.) Negative: ""To feign ignorance or stupidity"" -- Pretending to be motionlessly dull or unaware",X,X,X,"10.) Declarative: ""to deem someone dull/stupid"" -- You are declaring or judging that person to have the trait of the underlying Form I root (baluda - to be dull).","Keyword: بَلَد = ""Country, land, nation, town."" -- the primary noun representing a specific inhabited geographic territory or nation-state (this is a keyword because you can see it's more than just ""country"")",,,,
ضوء,"The root ضوء (and its weak variant ضيء) centers on radiant illumination -- classically speaking, نور is more of a soft light -- however verbs for ض و ء can feel formal, so MSA frequently uses verbs from the root ن و ر","1.) Rare: ""to shine / illuminate"" -- Base action of emitting light or illuminating an area",X,X,"4.) Causative: ""To light, illuminate, shed light on"" -- Causing light to spill forth; making visible",X,X,X,X,X,"10.) Seeking: ""To seek illumination, seek guidance"" -- Actively drawing on a light source or wise counsel",,,,,
صقر,"the semantic abstract concept of ص-ق-ر (ṣ-q-r) is actually centered around extreme, piercing intensity, specifically in relation to striking, heat, or sharp, elevated traits -- this didn't start as falconry","1.) Frozen: in ancient times, the verb صَقَرَ (saqara) was actively used to mean ""he struck"" or ""he shattered"" -- however, those verbs died out over the centuries (none listed in Hans)",X,X,X,X,X,X,X,X,X,"Keyword: صقر = falcon -- it is a living manifestation of that sharp, piercing strike—sharply drops from high elevations and strikes its prey with intense, crushing force",,,,
فضل,"revolves around surplus, remainder, or elevation beyond a base line -- evolved metaphorically to describe moral, qualitative, or social superiority (being ""more than"" or ""better than"" average)","1.) Rare: While you will rarely hear someone conjugate the verb itself (e.g., saying yafḍulu), you will see the active participle and nouns derived from Measure I every single day","2.) Causative: ""To prefer, to favor, or to choose one thing over another"" -- To place one above another in value","3.) Rare: ""to compare / vie with"" -- directing your energy to see who is superior/preferred (this is typical m.3 competition variant)","4.) Rare: ""To bestow favor/grace upon"" -- To give out of one's extra capacity","5.) Reflexive-2: ""Please do / Be so kind"" -- internalizes that m.2 action, thus making oneself prefer something (i.e. to do a favor)",X,X,X,X,X,"Keyword: فَضْلَة = Leftovers, waste, or physical residue -- the literal, physical manifestation of remaining surplus.",,,,
جمل,"This concept of harmonious proportion -- evolved in two directions: physical completeness (beauty) and collective unity (totality) -- note: ""Camel"" came later as a specific application of that concept","1.) ""To be beautiful, graceful"" -- Possessing intrinsic aesthetic balance","2.) Causative: ""To beautify, embellish, polish"" -- Adding aesthetic proportion to an object","3.) Asymmetrical: ""To flatter, treat with polite formality"" -- Behaving with outward social grace (one way, towards someone)","4.) Denominative: ""To summarize, sum up, aggregate"" -- Gathering scattered details into a whole","5.) Reflexive-2: ""To adorn oneself"" -- Adopting beauty or composure deliberately","6.) Symmetrical: ""to exchange pleasantries, to be mutually polite, or to keep up appearances collectively"" -- Person A and Person B are both throwing compliments or fake niceties at each other.",X,X,X,"10.) Declarative: ""to find something beautiful, to deem it aesthetic, or to approve of its appearance"" -- Finding aesthetic harmony in something","Keyword: جُمْلَة = Sentence (grammar) -- a complete, assembled group of words or items forming a unified entity.",,,,
زمن,"""The letters Zay, Meem, and Noon form one single root that indicates a period of time."" (see note)","1.) Rare: ""to be affected by a chronic ailment or disability"" -- this is denominative, see keyword for more info; it survives heavily through its adjectives, like  زَمِن (chronically ill).","2.) Causative: ""To schedule, set a time limit"" -- Assigning a specific temporal boundary",X,"4.) State: ""To last for a very long time, to grow old, or to become deeply rooted/chronic"" -- It is a State of Temporal Persistence. The subject has transitioned into a permanent condition over time.",X,"6.) State: ""To occur simultaneously, overlap"" -- example: two stock market crashes are not ""interacting mutually."" Instead, multiple entities exist collectively in an Inherent State of Synchronicity.",X,X,X,X,"Note: Ibn Faris argued that using this as ""chronic illness"" was a mispronunciation or a mutation. He believed that they meant the root  ض-م-ن and early Arabs shifted the ض (Dh) sound to a ز (Z) sound",Keyword: مُزْمِن = Chronic or long-standing -- describes conditions persisting over an extended temporal period.,,,
دهن,"The trilateral Arabic root د-ه-ن (d-h-n) focuses on oil, grease, butter, or ointment—دُهْن (duhn)  = ""Fat, oil, ointment"" and that is the primary concrete noun ","1.) ""To paint (a wall), to grease (a baking pan), or to rub on (medical ointment)"" -- Direct application of oil/fat/paint to a surface (If you lightly brush a pan with oil to bake, you use Measure 1)","2.) Rare: ""to heavily oil, lubricate, or saturate an object with fat or grease"" -- Intensive variant, but IRL in MSA speakers will almost always just use Measure 1 even if they mean a heavy coating of grease. ","3.) Negative: ""To flatter insincerely, to pander, or to kiss up to someone"" -- IRL in MSA it is used as a metaphor for insincerity, hypocrisy, etc -- someone who is ""greasy"" or in their social interactions.",X,"5.) Reflexive: ""To apply cream/oil to oneself, put on lotion"" -- Reflexive action of coating one's own skin or hair with oil.",X,"7.) Passive: ""To be painted, to be greased, or to be coated"" -- This is used when focusing entirely on the object being affected rather than the person doing the action.",X,X,X,"Keyword: دِهَان = paint -- Before synthetic, water-based acrylic paints were invented in the 20th century, all permanent paints, lacquers, and varnishes used by humans for thousands of years were strictly oil-based.",,,,
لحن,"Long before it meant a musical song or a grammar mistake, the noun لَحْن (lahn) meant a physical slant, an angle, or a leaning sideways -- something diverting away from a straight line","1.) ""To make a grammatical error"" -- Deviating or leaning away from the strict rules of standard grammar (Fusha) -- note: there are other uses for this verb, but this one prevails IRL in MSA","2.) Denominative: ""To compose music; to set text to music"" -- Actively imposing a melodic path onto lyrics/text. Leaning into tone, cadence, and pitch (rather than literal speech), giving rise to music",X,4.) Synonym for 1,X,X,X,X,X,X,"Keyword: لَحْن القَوْل = Innuendo, tone, or implicit meaning -- Speech that carries a subtle slant (saying something indirectly where the true meaning relies on tone or contextual nuance rather than literal wording)",,,,
طرا,"The core sensory origin of ط - ر - أ  centers happening unexpectedly, or breaking into an ongoing situation without prior warning.","1.) ""to occur / happen"" -- semantically neutral. it may feel negative since the plural active participle—طَوَارِئ is used as ""emergencies."" But the root verb itself is just ""to happen abruptly / to enter a situation.""",X,X,"4.) Causative: ""To praise lavishly, extol, or flatter"" -- causing someone else to (metphorically) happen upon a fresh new image -- the act of lavishing sudden acclaim onto someone (eulogy: eu = good + logos = word)",X,X,X,X,X,X,"Keyword: طَرِيء = Freshness / Fresh -- Etymologically linked to the notion of something newly arrived, novel, or freshly picked before it has aged or dried.","Keyword: طَوَارِئ = emergency -- Active participle of Measure I, denoting something that arrives suddenly without prior scheduling or warning. (e.g., Hālat tawāri' = State of emergency).",,,
مرس,"This root focuses on the image of a heavy, twisted rope (مَرَسَة) running repeatedly over a pulley wheel -- Linguistically, Arabic abstracts this concept of ""rubbing & friction"" into practice, experience, dates (food), etc. ","1.) Denominative: ""To rub, soak, or steep in water"" -- to make certain foods, you wouldn't just drop the dates in water; you would rub them with your fingers (i.e. pulley rope) while they soak to dissolve the pulp",X,"3.) Asymmetrical: ""To practice, execute, perform, or engage directly in an activity over time"" -- Continuously ""rubbing up against"" an activity or discipline through repeated, hands-on action.",X,"5.) State: ""To become seasoned, highly experienced, or hardened by trial"" -- the subject has fully absorbed the ""friction"" of a profession or life hardship and now exists in a state of expert proficiency","6.) Negative: ""to contend with each other"" -- this isn’t peaceful symmetry of m.3. It implies multiple parties are trying to wear down their opponent out through sheer friction.",X,X,X,X,Keyword: مُتَمَرِّس = veteran or expert -- Active participle of Measure V—describes a professional or practitioner who has been thoroughly tested and toughened by real-world friction.,,,,
تيح,The idea stems from opening up a path or clearing away obstacles so that something can present itself or be taken up naturally.,X,X,X,"4.) Causative: ""To make available, provide, grant, allow, or enable"" -- Actively clearing the way so an opportunity or resource becomes accessible to someone.",X,X,X,X,X,X,,,,,
قيل,"This centers on taking a midday rest/nap during the peak heat of the day (in the harsh climate of Arabia, stopping at high noon to rest in the shade was an essential) -- and later evolved metaphorically","1.) Rare: ""To take a midday nap / siesta"" -- The primary physical act of breaking from labor to rest during noon heat.","2.) Causative: ""To cause or allow someone else to take a midday rest, or provide them with midday water/shade."" -- this is also rare IRL in MSA",X,"4.) Causative: ""To dismiss, fire, discharge (from a job); to relieve or cancel (a debt/contract)"" -- goes from ""To grant someone a break/rest"" to relieve someone of their official duties or contract.",X,"6.) Collective: ""To mutually cancel or annul a contract/agreement"" -- Two parties jointly agreeing to ""step back"" or release each other from an obligation.",X,X,X,"10.) Reflexive-4: ""To resign, step down, or quit (a position)"" -- You are removing yourself from a position, you take that exact same concept of release in m.4 and apply it to yourself.",,,,,
نظر,"This centers on directing vision toward an object -- it carries a vibe of extending one's sightline or mental focus out into the distance to observe, consider, or anticipate","1.) ""To look at, behold; to investigate, examine, or consider"" -- Extending physical eyes or mental focus toward something to inspect it.","2.) Denominative: ""To theorize, to ideate, or to lecture someone."" -- The verb نَظَّرَ is built directly from the noun نَظَرِيَّة (naẓariyyah), which means ""a theory.""","3.) Asymmetrical: ""To debate, face off with, or compare against someone"" -- Directing eye contact and arguments face-to-face (eye-to-eye) in competition or comparison.",X,X,"6.) Symmetrical: ""To debate each other"" -- this is used when two groups are actively debating each other on television or in a forum.",X,"8.) Reflexive: ""To wait for, await, or anticipate"" -- To physically hold or position yourself in a state of looking out, watching, or anticipating.",X,10.) Rare: native speakers will find it archaic ,"Keyword: مناظرة = debate -- verbal noun of Measure III, denoting a formal, head-to-head exchange of viewpoints.",,,,
بوء,"""The single origin is: the return of a thing to a state of stability, settling, and preparation.""","1.) ""to return to a place"" or ""to settle,"" -- IRL can be used as an idiom, meaning to incur, to bring upon oneself, or to result in","2.) Causative: ""To provide a home / To assign a position"" -- to make someone settle, physically preparing a place for someone to dwell or setting up an environment for them.",X,X,"5.) Reflexive: ""To occupy / To assume (a position)"" -- making yourself settle ",X,X,X,X,,,,,,
ثوب,"The core concept is returning to an original state or a baseline -- for example, a reward is simply a good deed ""returning"" back to the doer as compensation.","1.) ""to return / come back"" -- Physical or mental return to a baseline state of equilibrium; Crucial in idioms regarding mental and physical health.","2.) Causative: ""to sound a secondary call (religious)"" -- this is how it's used in MSA; the muezzin calls the people to prayer, and then returns/loops back to issue a secondary call, causing the people ""to return.""",X,"4.) Causative: ""To reward, compensate, or repay"" -- Extremely common in daily corporate, academic, and Islamic etiquette. When someone does a favor, the default thank-you is أَثَابَكَ اللهُ (May God reward you).",X,"6.) Denominative: ""to yawn"" -- classically, yawning was viewed as the body trying to force a heavy gasp of air to ""return"" or restore its internal equilibrium when tired.",X,X,X,"10.) Seeking: ""To seek a reward; to seek recovery"" -- Practically a zombie verb today. Instead of using Form X to say ""he sought a reward,"" modern speakers will explicitly use a phrase like طَلَبَ الثَّوَابَ ",Keyword: ثَوْب = Garment / Robe -- Clothing is the item one repeatedly returns to and wraps around the body daily.,Keyword: ثَوَاب = Reward / Divine Recompense -- The good or compensation that returns to you as a direct result of your deeds.,,,
جدد,Classical lexicographers link this to shearing or severing (i.e. cutting fabric off a loom) -- evolved metaphorically to concepts like newnesss (freshly cut) and seriousness (beaten paths cutting through the landscape),"1.) Contextual: ""To be serious or earnest; or To happen newly or be new""","2.) Causative: ""To renew, renovate, or extend (e.g., contract, passport)"" -- Actively making something fresh again, as if freshly cut off the loom",X,4.) Rare,"5.) Reflexive-2: ""To be renewed, to recur, or to regenerate."" -- The state of becoming fresh or starting anew",X,X,X,X,"10.) State: ""To emerge / develop newly."" -- It marks the beginning of a state or an emerging situation.","Keyword: جَدّ = grandpa -- when something was ""cut out"" cleanly from the rest, it was viewed as distinct, distinguished, or prominent (grandpa is the distinguished person from which the rest of the family was ""cut"")","Keyword: جِدّ = Seriousness / Earnestness -- The quality of sharp focus and cutting straight through ambiguity (hence جِدًّا - ""very"").",,,
روح,"The core concept anchoring this entire monster is breath, wind, spirit, and relaxation -- there are three main branches: literal wind/air, spiritual essence (رُوح - soul), and physical relief/rest (رَاحَة - comfort).","1.) ""To go, leave, or depart"" -- Moving along with the breeze","2.) Contextual: ""To air out; to fan;"" or  ""to refresh or entertain"" -- Bringing fresh air or breath to a space, or to one's psyche","3.) State: ""to stagnate, hover, or mark time without progress."" -- The Stationary Loop State; Like a wind blowing back and forth over the exact same spot.","4.) Causative: ""To give rest, comfort, or relief to someone else."" -- Allowing someone to catch their breath; restoring calmness",5.) Rare,"6.) State: ""To range, oscillate, or vary between two specific data points"" -- in relation to m.3, this is Ranging or fluctuating between data limits (e.g., ""Prices range between $10 and $20""). ",X,"8.) Reflexive-4: ""To rest oneself, relax, or feel entirely at ease."" -- Unlike Form IV (making someone else rest), Form VIII is your own Internalized State of Comfort; in relation to m.10, this is a feeling.",X,"10.) Reflexive-4: ""To Take a Physical Break"" -- in relation to m.8, this is a physical action of stepping away to take a break. (""The workers stopped to take a recess"").",,,,,
هيا,"Classical lexicographers trace the root to the physical appearance, outline, or posture of a thing (هَيْئَة)—from this idea of a well-proportioned shape, the root evolved to preparing, equipping, etc",1.) Rare,"2.) ""To prepare, make ready, set up, or adapt"" -- Actively shaping or arranging conditions so something is fit for purpose",X,X,"5.) Reflexive-2: ""To get ready, prepare oneself, or be available"" -- Taking on the required state/form to undertake an action",X,X,X,X,X,,,,,
طمح,"The primary semantic thread of ط-م-ح centers on elevation, upward gaze, and soaring beyond immediate bounds.","1.) ""to aspire, long for, or raise one's gaze/sight toward something"" -- Casting one's gaze/focus upward toward a higher target",X,X,X,X,X,X,X,X,X,"Keyword: طُمُوح = Ambition / Aspiration -- this is the verbal noun (المصدر) representing the inner drive to reach high status, goals, or achievements.",,,,
درك,"From the idea of pursuing until contact is made, the root expanded to encompass mental comprehension (grasping/attaining an idea), spatial or temporal attainment, and systemic decline to lower depths.",X,2.) Rare,"3.) Asymmetrical: ""To quickly rectify, salvage, or patch up a critical or deteriorating situation."" -- Spurring yourself to run faster and overtake a fast-fleeing crisis before it escapes your grasp entirely.","4.) State: ""To comprehend, realize, or attain"" -- Reaching an idea or physical goal completely so that it is mentally or physically grasped.",X,"6.) Symmetrical: ""To collectively scramble to fix, rescue, or pull back a situation from danger"" -- A combined pack or group of actors moving forward in unison to catch up with and stabilize a falling system.",X,X,X,"10.) Declarative: ""to set the record straight / correct / amend / remedy"" -- Actively seeking to overtake your own words to prevent a misunderstanding before the listener locks in their conclusion.",Keyword: مُدْرَكَات = Perceptions / Concepts -- Passive participle plural referring to things that have been mentally grasped or perceived.,Keyword:  دَرْك = bottommost depth of Hell -- it connects beautifully to the core root د-ر-ك through two primary conceptual links: reaching a physical bottom and the absolute catch-up of consequences,,,
حظي,"This centers on attaining favor. Classical lexicographers connect the root to الـحَظّ (al-hazz), which originally denoted a physical lot, share, or portion of land/goods carved out for someone.","1.) ""to enjoy, obtain, gain, or win"" -- Successfully claiming or receiving an allotted share of favor or respect",X,X,"4.) Causative: ""to grant favor, elevate someone's status, or give someone a high standing"" -- Elevating someone's standing so they receive high regard or privilege",X,X,X,X,X,X,Keyword: محْظُوظ = Lucky / Fortunate -- Passive participle describing someone who has been blessed with a rich share of good fortune (حَظّ).,,,,
جذر,"This centers on anchoring, foundation, pulling up from the bottom, and origin. Classical lexicographers trace it to the physical root of a plant or tree (جِذْر) anchored deep within the soil.","1.) ""to uproot / extract"" -- Reaching down to the very root to sever or remove it","2.) Contextual: ""To entrench, anchor, deeply establish, or root something"" or ""to find the square root of a number""",X,X,"5.) Reflexive-2: ""To take root; to become deeply ingrained"" -- Becoming firmly established and anchored in a place or culture",X,X,X,X,X,"Keyword: جذري = radical -- Just as pulling a plant out by its roots affects the entire organism, a جِذْرِيّ action or change affects the absolute foundation of a system",,,,
وكب,"This centers on steady, synchronized movement. Classical lexicographers trace it to a heavy, steady walk (الوِكَاب)—specifically a horse or camel stepping forward in a measured, balanced cadence ","1.) Rare: ""to walk or march at a slow"" -- Moving forward with a measured, balanced cadence",X,"3.) Asymmetrical: ""To keep pace with; to accompany"" -- Walking or moving alongside another entity step-for-step",X,X,"6.) Symmetrical: ""to go with / match"" -- Multiple actors aligning their movements into a single, flowing parade",X,X,X,X,,,,,
امل,"Classical lexicographers link this to staring intently or gazing at length (تَأَمُّل) at something. Unlike sudden desire (رَغْبَة) or immediate wishing (تَمَنِّي), أ-م-ل inherently involves time, distance, and contemplation.","1.) ""To hope for, expect, or look forward to"" -- Directing one's long-term gaze toward a future outcome","2.) Causative: ""To give hope to; to hold out expectations"" -- Encouraging someone to look forward to a positive result",X,X,"5.) Reflexive: ""To contemplate, ponder, or observe closely"" -- Reverting to the sensory root: fixing one's gaze/mind on something deeply",X,X,X,X,X,,,,,
بغي ,"The primary semantic thread of ب-غ-ي centers on reaching out, striving toward, seeking beyond a boundary, and overstepping.","1.) ""to want / desire"" -- Reaching out to gain something -- Simple seeking or wanting (in relation to m.8); Easily slips into negative meanings (transgression, oppression, prostitution, hubris).",X,X,X,X,X,"7.) Reflexive: ""To be necessary, required, fitting, or proper"" -- if m.1 means Seeking / Reaching out, then this is yielding/becoming to being sought (aka embodying being fitting / necessary / proper)","8.) Benefactive: ""to want / desire"" -- Earnest, deliberate, and sustained pursuit; Purely focused: Almost exclusively positive or neutral (seeking a goal, truth, or noble outcome).",X,X,Keyword: بَغِيّ = Prostitute / Transgressor -- literally one who seeks illicit gain or oversteps bounds.,,,,
ثقف,"This centers on sharpness, straightening, and mastering a skill. Classical lexicographers (such as Ibn Faris) relate this to straightening a crooked spear or wooden shaft (ثَقْفُ الرِّمَاح) using a specialized tool (ثِقَاف).","1.) ""to be intelligent / be skillful"" -- Mental sharpness and precision","2.) Causative: ""To educate, refine, culture, or train"" -- Actively ""straightening"" someone's mind/character through instruction","3.) Asymmetrical: ""To engage in a contest of skill/fencing"" -- Testing sharp skills or martial dexterity against an opponent",X,"5.) Reflexive-2: ""To become educated, cultured, or self-refined""",X,X,X,X,X,"Keyword: ثَقَافَة = Culture -- this is actually the verbal noun (المصدر) which originally meant skill and mental dexterity, but evolved to the universal MSA term for culture and learning.","Keyword: مُثَقَّف = intellectual -- Passive participle of Form II; literally one who has been smoothed, straightened, and refined by education.",,,
طوق,"This centers on encirclement, bearing a heavy burden around the neck. Classical lexicographers (such as Ibn Faris) trace this to الـطَّوْق (al-tawq), a solid metal ring, collar, or necklace worn around the neck.","1.) ""To bear, endure, or be capable of handling"" -- Possessing the capacity to hold a burden wrapped around oneself (in regard to m.4, this Primarily describes a state of capacity)","2.) Denominative: ""To encircle, surround, besiege, or cord off"" -- Actively placing a tight ring or boundary around a site or person",X,"4.) Intensive: ""to tolerate / endure"" -- a state where one has the full boundary/capacity to carry a heavy responsibility (in regard to m.1, this Requires a specific object/hardship being tolerated.)","5.) Reflexive-2: ""to be encircled / be surrounded"" -- Taking on a ring or being enclosed within a boundary",X,X,X,X,X,"Keyword: طَاقَة = energy -- Just as a collar defines a boundary, maintaining a boundary requires physical/mental force and energy; therefore it evolved to the MSA term for ""energy"" (such as electrical, personal, etc)",,,,
عجز,"In MSA, this verb centers on weakness, and lagging behind. However, classical lexicographers trace it to الـعَجُز (al-'ajuz), the rump, posteriors, or lower back section of an animal or person.","1.) ""To be unable, weak, or incapable of doing something"" -- Falling behind or lacking the strength/momentum to execute","2.) Causative: ""to incapacitate / immobilize"" -- Process/Active Effort; To actively weaken, slow down, or hamper someone over time—making them lag behind or struggle step-by-step.",X,"4.) Causative: ""to incapacitate / immobilize"" -- Total Result; To completely baffle, outpace, or incapacitate—leaving them entirely unable to keep up or match you (e.g., a miracle or impossible task).",X,X,X,X,X,"10.) Declarative: ""To deem someone incapable or weak"" -- Viewing another as lacking forward capability",Keyword: مُعْجِزَة = Miracle -- Active participle noun of Form IV; an event that completely incapacitates human capability or natural law to replicate.,,,,
فرط,the root inherently deals with passing a boundary before anyone else can stop it -- may be related to the فَرَاط aka the scout sent ahead of the caravan to reach the watering hole first and prepare the buckets. ,"1.) ""to precede, to outrun, or to go ahead of others""","2.) Denominative: ""To neglect, squander, abandon"" -- possibly related to  الفَرْط (which historically meant an overshot boundary), aka to treat a matter as if it is way out there in the distance",X,"4.) Causative: ""To overdo, indulge excessively, exaggerate"" -- causing an action to ""go ahead"" past reasonable boundaries",X,X,"7.) Passive: ""To Unravel / Scatter"" -- since m.1 is to go ahead of others, so this m.7 is can be seen as something passively rushing outward to escape its boundaries.",X,X,X,,,,,
ميل,"the root describes physical tilt—such as a tree branch leaning under weight, a person inclining their body to one side, or a path veering off course","1.) ""to lean / bend / incline / be partial / sympathize"" ","2.) Causative: ""To make something tilt; to slant, to bend"" -- Ruining, warping, bending out of shape, or doing it repeatedly. Strictly physical or structural (in MSA). Heavy, forceful, or destructive.",X,"4.) Causative: ""To make something tilt; to slant, to bend"" -- A direct, factual, one-time tilt. Mostly physical or mechanical. No emotion, no strategy, no prolonged effort. You just tip it over.","5.) Reflexive: ""to sway / swing"" -- you are tilting yourself, leaning back and forth in motion","6.) Collective: ""To sway together, bend gracefully (e.g., branches in wind)""  ",X,X,X,"10.) Causative: ""to make incline / win the affection of"" -- Almost exclusively psychological, emotional, or political. High effort, calculated, or romantic pursuit. You cannot use this on inanimate physical objects. ",Keyword: مِيل = mile -- this is a loanword!!,,,,
صرع,"At its physical origin, it describes violent physical impact (ex. a wrestler throwing an opponent to the ground). Semantically, it implies a contest between forces where one collapses under the power of another","1.) ""To throw down, fell, drop, knock out"" -- Directly causing an entity to fall to the ground",X,"3.) Asymmetrical: ""To wrestle, struggle against, fight (e.g., disease/death)"" -- one person initiates or forces the action onto the other.",X,X,"6.) Symmetrical: ""To wrestle each other, to clash with one another, or to be in conflict."" -- There is no single initiator; they are locked in a mutual state of wrestling with each other.",X,"8.) Intensive-6: ""Epic/Classical Grappling"" -- Two forces locked in mutual, heavy conflict (identical in meaning to M.VI but more dramatic).",X,X,"Keyword: مِصْرَاع = A door panel -- in ancient times, Arabic lexicographers noted that the two panels of a heavy gate slam and lock together tightly, exactly like two wrestlers grappling in a ring. ","Keyword: صَرْع = Epilepsy / Falling Sickness -- named directly after the physical state of being suddenly ""knocked down"" or felled by a neurological seizure.",,,
خفق,"At its physical origin, it describes light, quick, back-and-forth movement—such as a flag flapping in the wind, a bird beating its wings rapidly, or a heartbeat thumping quickly in the chest.","1.) ""To throb/beat (heart); to flap/flutter (flag); to whisk/whip (eggs)"" -- Rapid, repetitive movement or beating of an object or fluid","2.) Intensive: ""To whisk vigorously"" -- Amplified, sustained action of rapid mixing or beating; In MSA, this is almost exclusively used in cooking, baking, and culinary contexts.",X,"4.) Negative: ""To fail, collapse, founder, be unsuccessful"" -- To become unstable, to enter the state of bottoming out, or to begin to fail -- this is the ""Fluttering away"" or slipping of a plan",X,X,X,X,X,X,,,,,
دعو,"According to Ibn Faris in Maqayis al-Lughah, the primary root د-ع-و (d-ʿ-w) centers on a single foundational concept: inclining or directing speech toward someone to draw them near or prompt an action.","1.) ""To call, invite, summon;"" -- Directing speech toward an entity to bring them near, request aid, or urge action -- in relation to m.10, this is The Basic, Personal Call",X,"3.) Asymmetrical: ""To challenge, call to account, contest at law"" -- calling on another party in a legal claim or summons; One party initiates a claim, a challenge, or a lawsuit against another party.",X,X,"6.) Negative: ""To crumble, to collapse, to deteriorate, or to fall apart (like a building or an economy)."" -- Things ""calling out to one another"" (domino effect leading to collapse)",X,"8.) Benefactive: ""To claim, allege, assert without proof"" -- It is a claim/calling made by the subject, for the subject's own benefit.",X,"10.) Intensive-1: ""to summon (to court/police), to recall (an ambassador/product), to call in (a doctor/backup), or to necessitate/warrant (an action)."" -- this is more serious than m.1","Keyword: دِعَايَة = propaganda -- evolved from general public advocacy or commercial advertising (e.g., دِعَايَة وَإِعْلَان – publicity and advertising) to political persuasion, mass messaging, and formal propaganda",,,,
امن,"At its sensory and psychological origin, it describes a state of inner calm (where one is safe from harm, threat, or betrayal)","1.) ""To be safe, feel secure; to trust someone"" -- Directly experiencing freedom from threat or danger","2.) Causative: ""To secure, insure (property/life), provide safety"" -- Actively granting or establishing safety and financial/physical guarantees",X,"4.) Incohative: ""To believe (in), have faith in, trust"" -- Entering a state of psychological or spiritual certainty and safety regarding a truth",X,X,X,"8.) Reflexive: ""To trust someone / To entrust someone with something"" -- You deem someone safe for yourself, which means you actively place your trust in them.",X,"10.) Seeking: ""seeking safety, asylum, or a guarantee of security from an authority or a foreign entity."" -- You are asking them to protect your life.",,,,,
ورد,the root depicts nomadic movement toward life-sustaining water (al-wurūd – arriving at a well or river) -- note: وَردَة (rose) is a loanword,"1.) Contextual: ""To arrive, reach, come (news/mail); to be mentioned (in a text)"" -- Reaching a destination or appearing at a specific point","2.) Causative: ""To supply goods, to export/deliver products commercially"" -- Heavily or repeatedly causing things to arrive; The action moves outward from the source. The subject is the supplier who delivers.",X,"4.) Causative: ""To cite an argument, to mention/state a quote, or to bring/deliver something to a place."" -- To cause something to arrive, to bring forward, or to state (this is simple in comparison to m.2)",X,"6.) Intensive: ""To flock / pour in / coincide"" -- Things flowing or arriving one after another in a synchronized or continuous stream.",X,X,X,"10.) Causative: ""To import goods from another country"" -- The action moves inward toward the subject. The subject is the buyer or receiver who pulls goods into their country.",Keyword: وَردَة = rose -- this is a loanword !!,Keyword: وَرِيد = vein -- The vein (وَرِيد) and the commerce terms like importing (اِسْتَوْرَدَ) or supplying (وَرَّدَ) are all biological siblings born from the native Arabic concept of flowing water and arrival.,,,
صلح,"From a baseline of physical soundness, the root goes in two directions: functional/behavioral integrity (righteousness, honesty, virtue) and relational mending (reconciliation, peacemaking, settling a rift).","1.) ""To be good, fit, suitable, valid"" ","2.) Causative: ""To fix, repair, mend (a machine, car, object)"" -- to make it good again; in relation to m.4 this is a gradual process spread out over time. The double middle letter represents the repetitive effort.","3.) Asymmetrical: ""To make peace with, reconcile with, compromise"" -- one person initiates the action toward someone or something else.","4.) Causative: ""To reform, rectify, improve, reconcile"" -- in this case, you apply an action to an object, and it immediately shifts into that state. Example: watch was broken; he executed the repair; now it is fixed.",X,"6.) Symmetrical: ""To make mutual peace, reach a compromise"" -- in relation to m.8, use this when you are describing people, countries, or factions resolving a conflict or shaking hands.",X,"8.) Benefactive: ""To make peace / To agree on a term"" -- focuses on adopting a state of harmony for one's own benefit",X,"10.) Causative: ""to restore, or to make fit for use"" -- macro-level environmental or systemic transformation; taking something unusable, unworkable, or barren and actively overhauling it until it is fit",Keyword: مُصْطَلَح = Terminology / Specialized Term -- this is the passive participle of m.8; represents an agreed-upon term that standardizes communication in a given field.,,,,
ادي,"According to Ibn Faris, this root revolves around a single foundational concept: bringing something to its intended destination or reaching a goal through conveyance",X,"2.) Contextual: ""To perform (duty/exam); to pay/render (money/due); to lead to (إِلَى)"" -- Actively delivering or conveying an action, payment, or result to its end goal",X,X,"5.) Reflexive: ""To be fulfilled, rendered, or carried out"" -- The state of a duty or payment being successfully conveyed or executed",X,X,X,X,"10.) Seeking: ""to demand / claim"" -- seeking that something be brought to its intended destination","Keyword: أَدَاة = Tool -- referring to any medium or device used to bring an action to completion; in grammar, it refers to particles/instruments (أَدَاة شَرْط - conditional particle).","Keyword: أَدَاء = Performance -- this is the verbal noun of m.2; it denotes the physical or administrative act of carrying out a duty, taking a test (أَدَاء الاِمْتِحَان), or performing on stage/music -- bringing it to it's destination",,,
عير,Ibn Faris listed two origins (essentially acknowledging some sort of semantic drift occured): prominance/elevation && motion/back-and-forth-movement,"1.) ""To wander, stray, roam aimlessly (e.g., a runaway horse)"" -- Derives directly from Ibn Faris's second origin: rapid movement and wandering","2.) Denominative: ""To shame, reproach, taunt, mock someone for a fault"" -- Highlighting a defect to make someone stand out negatively; The Noun: عَيْر (ʿayr) originally means a protrusion, or noticeable defect.","3.) Asymmetrical: ""To calibrate, gauge, standardize, benchmark"" -- Comparing an instrument against a standard ridge/mark (عَيْر) to measure deviation ",X,X,X,X,X,X,X,,,,,
ضبط,"Based on the idea of tight containment and precision, the root branches into various domains (strict discipline, accuracy, systematic/legal control, calibration, etc)","1.) Contextual: ""To adjust, regulate, tune, calibrate; to catch/apprehend"" -- Exerting precise physical, mechanical, or operational control",X,X,X,X,X,"7.) Reflexive: ""To be disciplined, conform to rules, be well-behaved"" -- Internalizing order and maintaining strict compliance/control",X,X,X,Keyword: ضَابِط = Officer -- the active participle of Form I; denotes someone who maintains command,"Keyword: ضَبْط = Control / Regulation / Vowelization / Seizure = the primary m.1 verbal noun; used for mechanical regulation, police confiscation/seizure (ضَبْط المَوَاد), or exact diacritical marking of text (ضَبْط بِالشَّكْل).",,,
لجا,"According to Ibn Faris, this has a single core origin: seeking protection, turning to a secure place, or resorting to a sanctuary out of fear or necessity","1.) ""To take refuge, resort to, seek shelter"" -- This is the baseline, raw action of turning to someone or something out of desperation",2.) Rare,X,"4.) Causative: ""To compel, force, drive someone to resort to something"" -- Forcing another party into a corner where taking shelter is necessary (in regard to Hans, modern IRL usage of m.4 is ""force"")",X,X,X,"8.) Benefactive: ""To seek refuge/protection, throw oneself upon someone's mercy"" -- in comparison to m.1, you aren't just ""resorting"" to a place; you are actively seeking ultimate personal sanctuary.",X,X,Keyword: لُجُوء = Asylum -- this is the primary verbal noun of Form I; standard term for political or political-humanitarian asylum (لُجُوء سِيَاسِيّ).,Keyword: إِلْجَاء = Coercion / Compulsion -- this is the maṣdar of Form IV; refers to situations where circumstances or force leave a person with no alternative route.,,,
اخذ,"According to Ibn Faris, this centers on a single foundational concept: taking, seizing, or gripping something and bringing it into one's possession or control","1.) ""To take, receive, seize; to begin to do (أَخَذَ يَفْعَلُ)""",X,"3.) Negative: ""To hold accountable, blame, punish, reprimand"" -- Holding/seizing someone responsible for a specific fault or action",X,X,X,X,"8.) Benefactive: ""To Adopt, Take Up, or Enact"" -- you aren't just picking something up; you are choosing to adopt a policy, make a decision, or turn something into a specific status for yourself",X,X,,,,,
طلب,"According to Ibn Faris, this centers on a single foundational concept: seeking, pursuing, or attempting to reach and obtain something","1.) ""to request"" -- This is the standard, neutral verb for requesting something. You use it when you are ordering a service, buying a product, or asking for a favor.",X,"3.) Asymmetrical: ""To demand, claim, call for (rights/reforms)"" -- aggressive / legal; because m.3 is asymmetrical, this becomes demanding something you believe you are legally, morally, or financially entitled to.",X,"5.) Reflexive: ""To require / call for"" -- note: this subject is never a human, it is always a task, a project, or a law.",X,X,X,X,"10.) Reflexive: ""To request, solicit, ask to be sent"" -- used when you are formally asking an authority figure or an expert to hand over information, an opinion, or a ruling.",,,,,
سلك,"the core concept of the root س - ل - ك is threading, traveling down a path, or channeling something through a specific route. Think of passing a thread through the eye of a needle or driving down a specific highway.","1.) ""to proceed / take (a road, path) / behave"" -- To Take a Route or Adopt a Method (85% of use)","2.) Intensive: ""To Unclog, Detangle, or Clear Out"" -- because m.2 implies intensive, hands-on physical action, this is to work on a channel or wire that is blocked and make it clear so things can flow",X,"4.) Causative: ""To Insert; or Thread Something Into"" -- Measure 4 is causative. It means to physically force an object into a narrow path or container.",X,X,X,X,X,X,"Keyword: سِلْك = Wire / Cable = a long, thin physical strand designed to carry current or signal through space","Keyword: سُلُوك = Behavior -- the primary verbal noun (maṣdar) of Form I; literally the specific ""path"" or manner an individual travels through life or situations.","Keyword: مَسْلَك = Path / Method / Course -- a noun of place/means denoting a physical passage, a biological duct, or a methodological approach (مَسْلَك المِعَدَة / مَسَالِك بَوْلِيَّة).",,
سمك,"In the oldest layers of Arabic, this meant to be high, elevated, lofty, or thick -- so how did we get to fish? They used the root s-m-k to describe nourishing, supporting, sustaining, or fattening up livestock ","1.) ""To Be/Become Thick"" -- This is a standard Measure 1 Fa'ula verb, which in Arabic is reserved exclusively for inherent physical attributes or states of being","2.) Causative: ""To Make Thicker / Bolster"" -- Actively adding volume, depth, or structural thickness to a layer",X,X,"5.) Reflexive: ""To become thick, solidify, condense"" -- Taking on a dense, thick, or viscous state over time (usually for materials, liquids, or mixtures organically changing their own state)",X,X,X,X,X,"Keyword: سمك = fish -- When early Arabs started interacting with fishing communities, they looked at these plump, meaty aquatic creatures && colloquially branded them as ""the meaty/well-fed/thick ones""",,,,
رقب,"At its origin, it refers to the neck (رَقَبَة) as a structural pillar—specifically the act of craning or stretching one's neck upward from a high vantage point to look out, watch for incoming danger, or keep guard.","1.) ""To watch, observe, keep an eye on, guard"" -- allegedly this is 100% dead as a verb IRL, and you can completely delete this from your active speaking vocabulary. ",X,"3.) Asymmetrical: ""To monitor, supervise, inspect, censor; to observe (laws/stars)"" -- because m.3 involves a sharp, directional action toward a target, this means to actively monitor, stalk, shadow, audit, etc.",X,"5.) Reflexive: ""to anticipate / watch"" -- because it's m.5, this folds the action inward. You aren't tracking a target; you are sitting tight, bracing yourself and waiting for an event to drop.",X,X,"8.) Intensive: ""To observe closely (Calculating / Tactical Waiting)"" -- it carries a highly strategic, calculating, or slightly ominous undertone compared to Measure 5",X,X,"Keyword: رَقِيب = Sergeant / Monitor / Censor / Watchman -- an intensive adjective/noun for a person tasked with oversight; in military ranks, it denotes a Sergeant (رَقِيب).",,,,
نهر,"At its sensory origin, it describes the physical carving of a wide channel -- according to some etymologists, they did not invent this root by looking at water -- it was the widening/clearing of an extensive channel.","1.) Denominative: ""To Scold, Rebuke, or Snap At"" -- speakers looked at the rushing force of a physical river and said, ""That is exactly what it feels like when I yell at someone.""",X,X,X,X,X,X,"8.) Intensive: ""To Chide, Reprimand, or Drive Off"" -- heavier than m.1, used when a person of authority aggressively and deliberately uses verbal force to put someone in their place or drive them away.",X,X,Keyword: نَهْر = River -- A natural flowing stream of water moving within a wide channel.,"Keyword: نَهَار = Daytime / Daylight hours -- the period between dawn and sunset; named for the broad ""bursting forth"" of sunlight across the sky.",,,
نحر,"At its sensory origin, it refers to this specific anatomical spot at the base of the throat. Because this precise depression is the targeted area for slaughtering large livestock","1.) ""To Slaughter (Specifically by cutting the throat)"" -- This is a highly precise verb. You use Naḥara because large livestock are slaughtered with a specific downward stab straight at the base of the throat (al-naḥr).",X,X,X,X,"6.) Collective: ""to fight each other"" -- a group of people are turning on each other so aggressively they are metaphorically aiming for each other's throats.",X,"8.) Reflexive: ""to commit suicide"" -- the meaning expanded from throat-cutting to ""to cut your own throat"" the standard word for committing suicide by any method (hanging, poisoning, etc.).",X,X,,,,,
لحظ,"According to Ibn Faris, this revolves around a single central origin: looking out of the corner of the eye (a glance from the corner of the eye is by nature swift, brief, and highly targeted)","1.) ""To glance at, look out of the corner of the eye"" -- This is the raw, untamed primitive baselineك Mostly dead in technical or news MSA, but highly active in modern literature, novels, and poetry",X,"3.) Intensive: ""To notice, observe, perceive, take note of"" -- It takes the sharp glance and scales it into active mental awareness. You use it whenever you spot a pattern, notice a change, or point out a fact.",X,X,X,X,X,X,X,"Keyword: لَحْظَة = Moment / Instant / Glance -- the primary unit of time named after the duration of a single side-glance (e.g., فِي لَحْظَة – in an instant; لَحْظَة مِنْ فَضْلِك – just a moment, please).",,,,
عمل,"This it refers to deliberate physical exertion—unlike generic doing or happening (فِعْل -- which includes unintentional or non-human acts), عَمَل specifically requires intent, purpose, and focused exertion by an agent.","1.) ""To work, labor, function, operate, perform"" -- Exerting direct physical or mental effort toward a purpose",X,"3.) Asymmetrical: ""to treat / deal with"" -- directing your exertion to deal with someone","4.) Causative: ""To Activate, Trigger, or Apply"" -- in relation to m.10, this is Activating a system or rule and force it to start working",X,"6.) Symmetrical: ""To interact, transact business, cope with"" -- Applying the ""two-way street / mutual reciprocity"" rule of Measure 6 (تَفَعَّلَ), Taʿāmala means a group of people or entities are working with each other.",X,"8.) Reflexive: ""to churn, boil, or process intently from within a system."" -- Internalizing continuous operational movement or agitation",X,"10.) Causative: ""To use, employ, utilize (a tool, word, or device)"" -- ",,,,,
حظر,"At its physical origin, it refers to constructing a حَظِيرَة — a protective fence, enclosure, or pen made of dry thorny branches or wood to keep livestock inside and protect them from predators or theft.","1.) ""To Ban, Prohibit, or Block"" -- making a legal or practical ""fence"" around an action or person (this is the ultimate legal, political, and tech workhorse, ex. to officially restrict an action, or block an account)",X,X,X,X,X,X,"8.) Benefactive: ""To Fence Oneself In / Protect"" -- you are performing an action on your own property, for your own protection, and for your own direct benefit.",X,X,,,,,
نهك,"the core concept of the root ن - ه - ك is depleting, draining, or pushing something completely past its safe structural limits.","1.) ""To wear out, exhaust, drain, consume completely"" -- the baseline state of being worn down. While modern speakers m.4 verb, it survives heavily through a disease context or its adjective",X,X,"4.) Causative: ""To exhaust, wear down, debilitate, fatigue severely"" -- Actively causing full physical, mental, or financial depletion",X,X,X,"8.) Intensive: ""To violate, infringe upon, breach, desecrate"" -- pushing past a legal limit until it breaks, completely stripping away its protection, exhausting its sanctity, and treating it as worthless",X,X,,,,,
حتم,"According to Ibn Faris, this revolves around a single central origin: finality, decree, and rendering a decision absolute and unalterable","1.) ""To Impose, Mandate, or Dictate"" -- Direct compulsion by circumstances or rules.","2.) Intensive: ""To Make Obligatory / Enforce Strictly"" -- Legal mandates, strict organizational rules, or hard requirements.",X,X,X,X,X,X,X,X,Keyword: الـحَتْمِيَّة = Determinism -- Philosophical term for the concept that all events are completely determined by previously existing causes.,,,,
طلع,"According to Ibn Faris, this revolves around a single central origin: emerging, rising into view, and ascending from hiddenness into visibility","1.) ""To rise (sun/moon); to emerge, appear""",X,"3.) Asymmetrical: ""To read / browse"" -- directing your gaze (relaxed reading, reviewing documents, or keeping up with literature) in order to bring something into view","4.) Causative: ""To inform, brief, let someone in on"" -- causing a matter to ""rise"" into another person's awareness/view","5.) Reflexive: ""To Look Forward / Aspire (The Human Hope)"" -- You are lifting your own gaze toward the horizon.",X,X,"8.) Intensive: ""To Investigate / Check out / Read up on"" -- intensive casting your gaze to bring something into view (Auditing a file, checking your phone notifications, or reading up on a report to get informed)",X,"10.) Seeking: ""To scout, reconnoiter, survey, poll (opinion)"" -- Actively seeking to make unknown terrain or information visible",,,,,
سمح,Its sensory origin is rooted in physical flexibility and compliance—think of a joint or object that moves smoothly without friction or resistance,"1.) ""To allow, permit"" -- Smoothly yielding to an action or request without creating friction.",X,"3.) Asymmetrical: ""To forgive, pardon (someone)"" -- directing your flexibility/leniency in order to let go of a grievance or debt owed by another.",X,X,"6.) Symmetrical: ""To act leniently with one another"" -- Broad systemic tolerance or open-mindedness across a group.",X,X,X,X,,,,,
برر,"While this may have all branched from بَرّ (land), we can narrow modern MSA usage down to one core concept: ""Establishing or Verifying Truth, Alignment, and Rightness""","1.) ""To be dutiful, devoted, or treat with kindness/piety"" -- Acting with core integrity (birr) and honoring obligations toward parents or family.","2.) Causative: ""To justify, rationalize, or vindicate"" -- Making an action or claim appear sound, valid, and morally ""solid"" or clear.",X,"4.) Causative: ""To fulfill or keep (a promise/oath)"" -- causing a promise to happen, making it true/complete.","5.) Reflexive-2: ""To be justified, to prove one's innocence"" -- The self or action becoming validated, excused, or proven clean.",X,X,X,X,X,"Keyword: بَرّ = dry land (as opposed to the sea or enclosed spaces) -- it conveys a sensory foundation of vastness, clarity, firmness, and solid ground (Truth, Alignment, and Rightness)",,,,
بضع,"the absolute core concept of the root ب - ض - ع is severing, slicing, or taking a clean, discrete cut out of a larger whole.","1.) ""To Incise, Slice, or Cut Open"" -- This is the raw, physical application of the root. It means to make a clean, sharp incision into tissue or material. The Vibe: Surgical precision or butchery.","2.) Intensive: ""To Cut Into Many Pieces / Dissect"" -- to take a whole object and aggressively chop, slice, or dissect it into multiple smaller fragments. The Vibe: Dissection or heavy slicing.","3.) Asymmetrical: ""consummation"" -- a directional action: an initiator seeking to legally or physically secure that specific, exclusive marital right for themselve (note: this is mostly in Islamic jurisprudence (Fiqh))","4.) Causative: ""To supply someone with goods/capital for trade"" -- Causes someone to receive a ""cut"" or portion of capital to conduct business.","5.) Reflexive: ""To Go Shopping"" -- turns it into an intransitive, self-directed action. You are actively ""gathering merchandise for yourself.""",X,X,X,X,X,"Keyword: بِضاعَة = merchandise -- distinct inventory carved out of a wholesale shipment to be traded under an asymmetrical business agreement (note: yes, the m.3 verb is s3x -- just a different m.3)",,,,
قضى,"According to Ibn Faris, this centers on a single overarching concept: the complete execution, settlement, or final determination of a matter","1.) Contextual: ""to spend time"" or ""fulfill a necessity;"" or ""to eliminate, terminate (when followed by على)"" -- this embodies the core action of executing, concluding, or settling a situation or obligation.","2.) Intesnive: ""to spend time"" -- if m.1 means ""he spent a day,"" m.2 focuses on the continuous process of grinding through a stretch of time (e.g., spending years in prison or serving out a military deployment).","3.) Asymmetrical: ""To sue or prosecute someone."" -- It is directional (one party attacking another in court); If the core concept is ""the final determination of a matter,"" this is directionally trying to make that happen.",X,5.) Rare,"6.) Symmetrical: ""To litigate against each other""","7.) Passive: ""To elapse, expire, terminate, or come to an end."" -- passive final determination of a matter","8.) Reflexive: ""To require, necessitate, or demand (subject is a protocol, a law, or a situation)"" -- Instead of a human making a final determination of a matter, the situation or system itself is doing the decreeing.",X,10.) Rare,,,,,
وعد,"According to Ibn Faris, this centers on a single fundamental concept: a binding commitment, announcement, or declaration regarding a future outcome.","1.) Contextual: ""To Promise (Positive) or Threaten (Negative)"" -- to lock in a future outcome for someone else. In real-life MSA text, the meaning swings entirely based on whether the outcome is good or bad:",X,"3.) Asymmetrical: ""To Make an Appointment / Date Someone"" -- since this is a directional interaction with another person, it means to coordinate schedules and agree on a specific time and place to meet.","4.) Negative: ""To threaten or menace"" -- Direct application of the root toward declaring a negative future outcome or punishment.","5.) Intensive-4: ""To threaten repeatedly, vow revenge, or intimidate"" -- Intensified, active posture of making serious threats or imposing intimidating promises.","6.) Symmetrical: ""To agree on a mutual time/place; to date each other"" -- Two or more people mutually committing to meet or maintain a regular relationship.",X,"8.) Rare: Historically, it meant ""to accept a promise"" or ""to agree to meet up under a harsh condition."" But because m.1 and m.6 handle those things perfectly, m.8 is rarely used these days ",X,X,Keyword: مَوْعِد = Appointment -- Noun of Time and Place. The specific time or location fixed by a mutual promise to gather or deliver.,,,,
عنى,"The oldest layer of this root describes a creature being thrown into captivity -- evolved into concepts like ""when something has meaning, you can't just ignore it because your mind is captive to it""","1.) ""To mean, signify, or intend"" -- for example: using words to lasso attention and throw the brain into captivity.",X,3.) Rare,"4.) Negative: ""To exhaust, drain, or severely strain a person or system"" -- the physical feeling of being captive",5.) Rare,X,X,"8.) Positive: ""To pay attention to, take care of (bi-)"" -- duty captivity, being completely bound to a responsibility (despite ""captivity"" this is overwhelmingly positive, with a professional and nurturing vibe)",X,X,Keyword: مَعْنَوِيّ = moral -- a direct relative adjective (nisbah) derived from the noun مَعْنَى (meaning/concept).,,,,
نفذ,"According to Ibn Faris, this centers on a single foundational concept: the complete passage, penetration, or clearance of something through an opening or barrier to the other side.","1.) ""to penetrate / pass through"" -- Core root action of physically moving straight through a barrier or space.","2.) Causative: ""To execute, implement, carry out, or perform"" -- Pushing a command, plan, or operation through to full practical completion.",X,X,"5.) Reflexive: ""To hold influence, exert authority, or be executed"" -- Taking on or possessing the status of having one's decisions pass through unobstructed.",X,X,X,X,X,"Keyword: نَافِذَة = window -- Feminine Active Participle used as a noun. The opening carved into a wall that allows light, air, and sight to pass through.",,,,
خفي,"According to Ibn Faris, this revolves around one core semantic principle: concealment, cover, or the state of being unperceived and hidden from view.","1.) ""To be hidden, secret, or unknown (ʿalā)"" -- Core root state of being veiled from sight or intellectual awareness.",X,X,"4.) Causative: ""to hide / conceal"" -- Causing a object, emotion, or piece of data to become hidden.","5.) Reflexive: ""To disguise oneself; to operate incognito"" -- Adopting a cover or stealth persona so one's true identity remains hidden.",X,X,"8.) Reflexive: ""To disappear, vanish, or hide away"" -- The act of withdrawing oneself from sight into a state of concealment.",X,X,,,,,
خطر,The origin stems from physical motion—specifically the tail of a camel whipping back and forth (khaṭara al-jamal bi-dhanabihi) or a spear vibrating and swinging as it is carried (khaṭara al-rumḥ).,"1.) ""To occur to one's mind"" -- Core action of an idea swinging into awareness","2.) Causative: ""To endanger / risk"" -- Actively placing high value or life into a swinging, precarious state of exposure.",X,"4.) Causative: ""To notify, inform, or bring to attention"" -- Causing an alert or critical matter to swing into another person's mind/awareness.",X,X,X,X,X,X,"Keyword: لم يخطر ببالي = it didn't cross my mind (phrase) -- Another very common variant you will hear IRL is خَطَرَ عَلَى بَالِي (Khaṭara ʿalā bālī), which means ""It just occurred to me!""",,,,
طرح,"According to Ibn Faris, this centers on a single foundational concept: throwing, casting away, or flinging something outward or forward.","1.) Contextual: ""To Propose, Subtract, or Launch"" -- In Business & Politics: To fling an idea; In Math: ""throwing away"" a number; In Economics: Flinging into the open market","2.) Rare: Because Measure 2 is causative and intensive, it means to forcefully cast down or expel the contents of the womb before completion; however, MSA dropped ṭarraḥa to avoid ambiguity","3.) Asymmetrical: ""to have a conversation with / exchange words"" -- directing your energy to throw ideas at someone",X,X,"6.) Symmetrical: ""Mutual Exchanging of Thoughts"" -- A group mutually exchanging ideas, questions, or verses of poetry (taṭāraḥū al-ashʿār).","7.) Reflexive: ""To be thrown down; to collapse/recline"" -- Yielding to being cast down or flinging oneself flat onto a couch or bed.","8.) Intensive: ""To Cast Away / Completely Discard"" -- because this is intensive, this verb means to completely cast away, discard, or purge a toxic thought, bad habit, or piece of junk out of your life",X,X,"Keyword: أُطْرُوحَة = Thesis / Dissertation -- Noun of Structure/Output. An extensive academic argument or position ""thrown out"" into the scholarly arena for defense and discussion.",Keyword: طَرْحَة = Headscarf / Veil -- Noun of Single Action (Ism Marrah). A length of fabric designed to be casually thrown or draped over the head and shoulders.,,,
سير,"According to Ibn Faris, this revolves around one clear semantic pillar: continuous linear movement, passage, or progression along a path.","1.) ""To Walk, Move, or Proceed"" -- Primary root action of movement along a trajectory. It handles both literal navigation and abstract progress. It often pairs with the preposition عَلَى (ʿalā - upon) or فِي (fī - in).","2.) Causative: ""To Steer, Direct, or Run an Operation "" -- Actively making a system, vehicle, or process move along its intended path.","3.) Asymmetrical: ""To keep pace with, go along with"" -- directing your energy to move alongside another party in pace or alignment.",X,X,"6.) Symmetrical: ""To march together; to keep pace with each other"" -- Multiple parties moving forward in parallel or synchronized progression.",X,X,X,X,"Keyword: سِيرَة = Biography -- Noun of Manner (Ism al-Hayʾah). The specific behavioral path or historical course a person traverses in life (e.g., al-sīrah al-dhātiyyah = resume / CV).",,,,
عين,"The sensory origin stems from the physical eye (ʿayn) as the organ of vision, alongside a natural water spring (ʿayn māʾ), where clear water bubbles up from the earth like tears or liquid from an eye.",X,"2.) Causative: ""To appoint, designate, specify, or assign"" -- Setting one's eyes/focus on a specific person or object to single it out.","3.) Asymmetrical: ""To inspect, examine, or view firsthand"" -- directing your ocular observation towards and object, in order to visually verify a scene.",X,"5.) Reflexive-2: ""to be appointed / to become a mandatory duty"" -- If it pairs with a job title or  فِي then human subject). If it pairs with the preposition عَلَى then its ""a mandatory duty"" (Non-human task subject)",X,X,X,X,X,"Keyword: عَيِّنَة = Sample / Specimen -- Noun of Specification. A small, representative portion designated (Form II) to visually demonstrate the essence of the whole batch.","Keyword: أعيان = VIPs, notables -- Historically, the leading figures, elders, or chiefs of a tribe or city were viewed as the ""eyes"" of the people. ",,,
قلد,Its sensory origin stems from a twisted or decorative band placed around the neck as an ornament or symbol of distinction ( قِلَادَة ) ,X,"2.) Contextual: ""To Imitate or Appoint"" -- To Imitate / Copy / Fake = Looping someone else's style around yourself; To Assign Power = placing a ""chain of office or a medal"" around a leader's neck",X,X,"5.) Reflexive: ""To Assume Office / Carry a Weapon"" -- the subject folds the ""neck loop"" onto themselves. It means to willingly assume a major role, power position, or to wear equipment",X,X,X,X,X,Keyword: تَقْلِيد = Tradition -- Verbal Noun (Maṣdar) of Form II. Refers both to inherited social customs copied through generations.,Keyword: مُقَلَّد = Counterfeit -- Passive Participle (Ism al-Mafʿūl) of Form II. An item produced as a copy of a real or authentic original,,,
نقم,"Unlike purely emotional anger ( غضب ) this implies an active moral or critical judgement—you dislike an action, find fault in it, and feel compelled to penalize or avenge it.","1.) ""To resent, to hold a grudge against, to find fault with"" -- Direct expression of moral disapproval or anger toward an action/person",X,X,X,X,X,X,"8.) Reflexive: ""To avenge oneself, to retaliate, to take revenge (from/against: مِنْ)"" -- because the subject disapproves something, they execute vengeance to restore balance after the perceived wrong",X,X,,,,,
قسو,"According to Ibn Faris, the root fundamentally denotes toughness and extreme hardness. Its sensory origin is rooted in physical objects that lack yield or moisture—such as a stone (sakhrah qasiyah)","1.) ""to be harsh, to be cruel, to harden, or to treat severely."" -- Expresses the state of becoming physically or emotionally rigid","2.) Causative: ""To harden (something), to make cruel or callous"" -- Actively instilling hardness, such as ""hardening one's heart"" against mercy","3.) Asymmetrical: ""to suffer / endure"" -- The Subject: A sentient human being who experiences pain or hardship && The Object: An abstract, inanimate, or environmental force ","4.) Causative: ""to make hard / to cause cruelty"" -- almost completely overlaps with Form II (قَسَّى), and Because Form II sounds more natural to native speakers, they usually prefer Form II ","5.) Reflexive: ""becoming hardened, acting cruelly"" -- The action starts with the subject and terminates directly on the subject's own heart or character.",X,X,X,X,X,,,,,
كان - كون,"According to Ibn Faris, the root carries a single primary essence: the temporal existence or manifestation of something after non-existence","1.) ""To be, to exist, to take place / happen"" -- Establishes existence, occurrence, or time frame for a state","2.) Causative: ""To form, to create, to compose, to constitute"" -- Bringing something into existence or structuring components into a entity",X,X,"5.) Reflexive: ""To be formed, to consist of, to be composed (of: مِنْ)"" -- The process of coming together to take shape or form",X,X,X,X,X,"Keyword: الكون = cosmos -- The verbal noun (masdar) of Form I; literally means ""being,"" evolved to signify the entire physical universe that exists.","Keyword: مَكَان = place -- Noun of place derived from the root; literally the site where something ""is"" or exists.",,,
مكن,"The Arabic root م-ك-ن (M-K-N) revolves around the core concept of established physical presence, power, capacity, and firm positioning.","1.) ""to become strong or firmly established."" -- Denotes the intrinsic state of having high standing or stability","2.) Causative: ""to enable, to empower"" -- Actively placing someone in a position of firm control or operational capacity",X,"4.) Causative: ""To make possible; impersonal: it is possible / may (e.g., يُنْكِنُهُ)"" -- Giving a situation or action the reality/capability to exist","5.) Reflexive: ""To master, to gain control over, to be able to (do sth: مِنْ)"" -- securing complete hold or command over a task/domain",X,X,X,X,X,,,,,
هجس,"According to Ibn Faris (Maqayis al-Lughah), the root forms a single primary semantic field: a hidden movement or faint sound that occurs almost imperceptibly.","1.) ""To cross one's mind, to occur to (someone: فِي/بِـ)"" -- The literal ""stirring"" or subtle entry of a thought or feeling into the mind/heart",X,X,X,"5.) Reflexive: ""To be preoccupied by inner fears; to listen intently for faint sounds"" -- Internalizing fleeting worries; paying close attention to vague, subtle suspicions",X,X,X,X,X,"Keyword: هَاجِس = Obsession -- Active participle of Form I. It denotes a nagging worry, lingering fear, or intuitive thought that preoccupies a person's thoughts",,,,
غيب,"According to Ibn Faris, the root forms a single solid core (aṣl Ṣaḥīḥ): the concealment of something from sight or direct observation","1.) ""To be absent, to slip away, to set (sun), to miss (an event: عَنْ)"" -- The physical or temporal act of disappearing or removing oneself from sight/presence","2.) Causative: ""to remove"" -- Actively forcing an object, person, or mental state into concealment or non-presence",X,X,"5.) Reflexive: ""To absent oneself, to play truant, to fail to show up (from: عَنْ)"" -- Voluntarily or deliberately causing one's own absence from a obligation or location",X,X,"8.) Benefactive: ""To slander, to speak ill of someone behind their back (gossip)"" -- Taking advantage of someone's physical absence to criticize or talk about them",X,X,Keyword: غَابَة = forest -- Noun of place/environment. Named because the thick canopy and foliage obscure people and animals from sight,,,,
طوف,"In its earliest sensory context, this ( ṭāf ) described walking a perimeter or circling a central landmark.","1.) ""To circle around a fixed point"" -- Executing circular movement around a point or roaming across an expanse; note: compared to m.2 and m.5, this is The Religious & Literal Baseline","2.) Intensive: ""To travel/roam extensively"" -- Amplifies Form I (to extensively roam, travel all over, or wander through many different areas)",X,"4.) Causative: ""To encircle, to surround, to bring (something) around"" -- Actively causing a loop, boundary, or movement to encompass something","5.) Reflexive: ""To casually stroll or wander"" -- turning the action towards yourself, circling/strolling for yourself",X,X,X,X,X,"Keyword: طُوفَان = flood -- Intensive noun form denoting a destructive body of water or violent storm that circles/submerges everything (e.g., Ṭūfān Nūḥ — Noah's Flood).","Keyword: طَائِفَة = Sect -- Active participle derivative; refers to a distinct, self-contained sub-group of people ""circle around eachother"" due to a shared identity or set of beliefs",,,
نزه,"Historically, the root means ""to be far away (or elevated) from something bad"" -- this translates into recreation/leisure (getting away from city/work) and ethics/theology (keeping a person or God far above flaws)","1.) ""To be free from fault, to be far removed from foulness"" -- Standing at a distance from defects, pollution, or base actions","2.) Causative: ""To exalt, to declare free of defect/flaw, to glorify (God: عَنْ)"" -- Actively placing someone/something far above any imperfection or fault",X,X,"5.) Reflexive: ""To take a stroll, to go on an outing/picnic; to refrain/abstain from (عَنْ)"" -- Keeping oneself elevated/above dishonorable acts",X,X,X,X,X,,,,,
رشو,"The Arabic defective root ر-ش-و / ر-ش-ي (R-Sh-W / R-Sh-Y) revolves around the core concept of seeking favor or securing a outcome through illicit inducement, bribery, or subtle influence.","1.) ""To bribe, to pay off, to grease someone's palm"" -- Directly extending an illicit gift or money to influence someone",X,X,X,X,X,X,"8.) Reflexive: ""To accept a bribe, to take hush money"" -- Placing oneself on the receiving end of an illicit payment",X,X,"Keyword: رِشَاء = well rope -- throwing down a rope to extract something hidden or out of reach evolved metaphorically into ""reaching out"" to an official or authority figure with a bribe",,,,
خطط,"Its sensory origin is rooted in the physical act of dragging a stick, reed, or sharp tool across the earth or parchment to leave a visible, continuous mark (khatt).","1.) ""to draw / inscribe / outline"" -- The primary act of making a physical mark or stroke on a surface","2.) Intensive: ""To plan, to outline, to design"" -- Expanding simple line-drawing into systematic blueprinting, or strategic plotting; This is the universal, everyday word for any kind of planning",X,X,X,X,X,"8.) Intensive: ""to chart out for oneself, to map out, or to layout"" -- this is reserved exclusively for grand, historic, or structural charting. You never use it for minor daily tasks. ",X,X,,,,,
حطط,"According to Ibn Faris (Maqayis al-Lughah), the root fundamentally denotes the movement of something from a higher position to a lower one.","1.) ""to descend / land"" -- Direct physical or figurative downward motion","2.) Intensive: ""to set down / unload"" -- Repeated or systematic lowering/unloading",X,X,X,X,"7.) Passive: ""To decay, to decline, to deteriorate, to sink to a low standard"" -- The subject succumbs to an involuntary or systemic downward slide in quality, morals, or status.",X,X,X,"Keyword: مَحَطَّة = station -- Noun of place. Historically, the location where travelers unloaded their pack animals to rest; in MSA, it refers to train, bus, fuel, or power stations.",,,,
نتج,"This root revolves around bringing forth / yielding outcome -- originally, it referred specifically to assisting a pregnant camel or livestock animal during labor, midwife-style, to deliver her calf","1.) ""To Result From"" -- it is permanently glued to the preposition عَنْ (ʿan - from). You use it to describe the consequence or outcome of an event. It cannot take a direct object. ",X,X,"4.) Causative: ""To produce, to yield, to manufacture, to generate"" -- Actively bringing forth goods, crops, or outcomes (acting as the producer/midwife); It requires a direct object (the thing being produced).",X,X,X,X,X,"10.) Declarative: ""To infer, to deduce, to conclude (from: مِنْ)"" -- you are declaring that you produced/extracted something using reasoning",,,,,
نمر,"The core meaning of the root revolves around the characteristics of a leopard/tiger (نَمِر - namir): specifically, its spotted pattern && its ferocious, aggressive, and short-tempered nature",X,"2.) Contextual: ""To spot, speckle; *or* to number"" -- causing leopard-like physical patterns; but if it's used as ""to number"" then that is just a European loan verb (ex. numéro (French)) ",X,X,"5.) Reflexive: ""To bully, behave aggressively, or display hostile behavior"" -- Literally ""to turn into a leopard""—taking on the aggressive, predatory disposition of the animal.",X,X,X,X,X,,,,,
عهد,"This root is a massive foundational pillar of Modern Standard Arabic (MSA), and it revolves around the core concepts of commitment, keeping a promise, custody, familiarity, and custom.","1.) Contextual: ""To be familiar with / to have known (With Direct Object)"" or ""To entrust/assign to someone (With إِلَى)""  -- you are familiar with someone/something, in some contexts enough to entrust them",X,"3.) Asymmetrical: ""To enter into a treaty/pact; to pledge to one another"" -- directing your energy to maintain a shared promise or obligation over time.",X,"5.) Reflexive: ""To pledge/commit oneself; to inspect or maintain regularly"" -- Voluntarily taking on a continuous obligation, or repeatedly checking up on a project or item","6.) Symmetrical: ""allied with one another / mutually bound themselves"" -- this is the fully symmetrical mirror of m.3 It means to bind each other mutually by a treaty or alliance.",X,X,X,X,"Keyword: مَعْهَد = Institute, academy, or center of learning -- this is a noun of place (ism makān) denoting a site where knowledge is continually revisited and cultivated.",,,,
لمم,The absolute root essence of لمم is bringing boundaries tightly around something so that nothing spills out.,"1.) ""to gather, collect, pack up, or bundle scattered items together"" -- Gathering scattered parts into a unified whole",X,X,"4.) Denominative: ""to catch, suffer from, drop by, or befall unexpectedly"" -- A limmah is a tightly bounded company of travelers; When an illness befalls someone (أَلَمَّ بِهِ مَرَضٌ), it acts like a temporary visitor",X,X,X,"8.) Reflexive: ""to gather together, assemble, or rally"" -- this is the reflexive/passive counterpart to Form I",X,X,"Keyword: لَمَّة (Lammah) = A gathering, small reunion, or family get-together -- directly reflects the core notion of assembling dispersed people into one space.",,,,
شوب,"According to Ibn Faris (Maqayis al-Lughah), the root ش-و-ب (Sh-W-B) revolves around a single primary concept: mixing, blending, or diluting one substance with another.",X,"2.) Intensive: ""To alter, falsify, or adulterate heavily"" -- Intentional, intensive act of introducing impurities or mixing in secondary elements.",X,X,"5.) Reflexive: ""To become tainted, contaminated, or mixed"" -- Reflexive outcome of absorbing secondary, corrupting influences.",X,X,X,X,X,"Keyword: شَائِبَة = Impurity -- represents the unwanted secondary matter mixed into an otherwise pure entity (e.g., khalī min ash-shawāʾib — ""free of impurities"").",,,,
شبب,"Its centered on the sudden, energetic flare-up of a newly lit fire (shabba an-nār) -- from this initial burst of flame, the root expanded to describe human youth, vital energy, aesthetic enhancement, etc","1.) Contextual: ""To flare up (fire/war); to grow up/reach youth"" -- The foundational burst of energy (whether literally kindling a flame or entering the vigorous stage of life)","2.) Contextual: ""to flirt; *or* To rejuvenate"" -- this exists because the noun/concept of youth came first. Either 'to invoke the flirtatiousness youth through romantic verse' or simply 'invoke youth'",X,X,"5.) Reflexive: ""To act young / behave like a youth"" -- Reflexively adopting the mannerisms, vigor, or appearance of youth.",X,X,X,X,X,,,,,
قصو - قصى,"According to Ibn Faris (Maqayis al-Lughah), the root ق-ص-و (Q-Ṣ-W) revolves around a single core semantic concept: remoteness, extreme distance, or the furthest limit of something","1.) ""To be or become distant, remote, or far away"" -- Used primarily in modern literature, poetry, or highly formal speeches when describing physical or metaphorical distance.",X,X,"4.) Causative: ""To exclude, banish, disqualify, or sideline"" -- causing something to be distant, driving it to the outer boundary and/or removing from participation.","5.) Intensive: ""to examine"" -- If the root means ""the furthest limit,"" then this means to deliberately pursue something to its limit.",X,X,X,X,"10.) Intensive: ""To exhaustively research, investigate to the absolute limit, or carry out an exhaustive inquiry."" -- It is like m.5, but implies a more exhaustive, structural effort to reach the absolute end of a topic.",Keyword: الحد الأقصى للسرعة = the maximum speed limit -- using the superlative of the noun to indicate the furthest limit for speed,,,,
لفف,"Its concrete sensory origin comes from wrapping a garment around oneself (laffa ath-thawb), or dense foliage with branches inextricably intertwined (shajarun lafīf).","1.) Contextual: ""To wrap something up (like a gift or food)."" or ""To roll something (like a rug, a cigarette, or a scroll)."" or ""To turn or pivot (like a car turning left/right or spinning around).""",X,X,X,"5.) Reflexive: ""To wrap oneself up tightly (usually for protection or warmth)"" -- Because Form II is intensive, Form V inherits that multi-layered, complete, and intensive nature (in relation to m.8)",X,X,"8.) Reflexive: ""To twist around, entwine, or bypass"" -- because this is reflexive m.1, instead of emphasizing the layers or intensity, it describes a change in geometric path, grouping, or shape",X,X,"Keyword: مَلَفّ = File, dossier, or folder -- a noun of place/instrument denoting a binder or covering that ""wraps"" and holds documents together.","Keyword: لَفّ وَدَوْرَان = Beating around the bush, evasion, or equivocation (Idiomatic phrase) -- Literally ""wrapping and turning,"" referring to circuitous, non-direct speech or behavior.",,,
اصل,"In Arabic morphology, this root carries the primary meaning of basis, foundation, origin, or root.","1.) ""To be firmly rooted, authentic, noble, or of pure origin"" -- Possessing an unshakable foundation or pure ancestral lineage.","2.) Causative: ""To establish firmly, consolidate, ground, or root"" -- Active process of laying down foundational principles or establishing an origin.",X,X,"5.) Reflexive: ""To take root, become deeply ingrained, or become established"" -- internalizing or taking firm root within a culture, system, or habit over time.",X,X,X,X,"10.) Intensive: ""To eradicate, exterminate, or extirpate (literally: pull out by the root)"" -- you are interacting with the aṣl (foundation) in the most intense way possible by pulling it out completely","Keyword: أُصُول = assets -- the transition from ""roots/foundations"" to ""financial assets"" is because financial assets are the underlying foundation required to sustain a person, business, etc ",,,,
زيف,"Its sensory origin comes from زَائِف (zāʾif)—referring originally to bad, debased, or counterfeit coins (dirham zāʾif) that fail the weight and purity tests of a money changer.","1.) ""To be false, spurious, or counterfeit"" -- Direct physical or moral manifestation of lacking authenticity or stability.","2.) Causative: ""To forge, falsify, counterfeit, or distort"" -- Active, deliberate production of false items (money, documents) or distortion of truth.",X,X,X,X,X,X,X,X,,,,,
ردف,"From the foundational image of riding behind or supporting from the rear, it expanded into figurative domains (sequential consequences, synonyms in language, secondary support, posterior anatomy, etc)","1.) ""to follow / come immediately after / succeed"" -- Direct physical or temporal action of coming immediately after another.",X,"3.) Asymmetrical: ""To be synonymous with; to closely accompany"" -- in regard to m.6, this is transitive (requires an object). Word A is synonymous to Word B.","4.) Causative: ""To follow up, to append, or to add to a statement."" -- Active placement of additional words",X,"6.) Symmetrical: ""To be synonymous; to follow in continuous succession"" -- Mutual alignment where concepts overlap or events follow one another sequentially.",X,X,X,X,Keyword: رَدِيف = reserve -- Directly stems from the secondary passenger on a mount who backs up the leader.,"Keyword: رِدْف = Haunch, rump, or backside --  Anatomical term derived from the rear location on a mount or body.",,,
ذهل,"In Modern Standard Arabic (MSA) real life (IRL), the root has shifted slightly from ""forgetful distraction"" to ""shock, awe, and jaw-dropping amazement.""","1.) Contextual: ""To be stunned, shocked, astounded (passive voice)"" or ""To forget, overlook, or be distracted from (intransative/stative)"" -- Direct manifestation of mental detachment or being shocked",X,X,"4.) Causative: ""To amaze, astonish, stun, or dazzle"" -- The transitive act of shocking or mesmerizing someone into a state of speechlessness/forgetfulness.",X,"6.) Rare: Form VI (تَفَاعَلَ) is often used to mean pretending to have the quality of the root, but MSA typically completely bypasses Tadhāhala and uses something else to convey this concept",X,X,X,X,,,,,
وقح,"It refers to the solid, unyielding hoof of a horse or donkey (ḥāfir waqiḥ)—the root evolved into the moral realm to describe ""thick-skinned"" shamelessness, impudence, an insensitivity to modesty/boundaries, etc","1.) ""To be impudent, insolent, or shameless"" -- Direct manifestation of acquiring a hardened, insensitive disposition.",X,X,X,"5.) Reflexive: ""To act insolently; to behave shamelessly (ʿalā)"" -- Voluntarily adopting a brazen, hardened attitude toward others",X,X,X,X,X,,,,,
لبي - لبى,"It stems from لَبَّ بالمَكَان (labba bi-l-makān), meaning to remain grounded in a place without leaving -- this the weak/defective root is closely connected to the geminate root ل-ب-ب (L-B-B)",X,"2.) Intensive: ""To respond to, comply with, fulfill, or answer (a call/request/need)"" -- Active execution of remaining attentive and fulfilling a request or command.",X,X,"5.) Reflexive: ""To be fulfilled, met, or satisfied (a desire, invitation, or demand)"" -- Outcome of a request or call being answered and complied with completely.",X,X,X,X,X,,,,,
لبب,"Its origin refers to the internal kernel or seed inside a nut shell (the vital, nutrient-dense center protected by an outer husk) -- from this physical imagery of the hidden essence, the root expanded metaphorically.","1.) ""To be sensible, intelligent, or sound-minded"" -- Direct manifestation of possessing an inner intellectual ""kernel"" (lubb).","2.) Denominative: ""To grab by the collar/breast"" -- In classical times, the labab (لَبَب) was the upper part of the chest where a necklace sits. Form II turned this into a vivid physical action.",X,X,"5.) Reflexive: ""To gird oneself, tuck in one's clothes, or brace oneself for action/battle."" -- making yourself posess ""the kernel;"" Used primarily in historical novels, drama scripts, poetic prose, etc",X,X,X,X,X,"Keyword: لُبّ = Core / essence -- The foundational noun referring to the inner essence of an issue or the human capacity for deep reasoning (e.g., Ūlū al-albāb — ""people of understanding"").",,,,
عطف,"According to Ibn Faris, the primary physical origin signifies a bend, curvature, or tilt. And from this idea comes the psychological sense of inclining one's heart toward another in kindness, mercy, or affection.","1.) ""To Sympathize With / Feel Affection For"" -- This is the baseline everyday verb used when someone feels a surge of compassion, pity, or love toward someone else. It is strictly paired with the preposition عَلَى.","2.) Causative: ""To cause to incline; to soften someone's heart"" -- Actively making someone bend, turn around, or feel warmth toward another.",X,X,"5.) Incohative: ""Gracing Someone / Bestowing Favor"" -- used when a person of higher status deliberately steps down and shows mercy to someone below them; they enter a state of active, visible benevolence.","6.) Collective: ""To sympathize with one another, to feel empathy"" -- Mutual inclination of hearts; sharing reciprocal compassion or solidarity.",X,X,X,X,"Keyword: عَاطِفِيّ = Emotional / Romantic / Affectionate -- adjective describing something driven by sentiment (a bend in the heart, inclined to mercy and warmth) rather than logic","Keyword: مِعْطَف – Overcoat / Heavy Coat -- An instrument noun (mifʿal) for a garment wrapped around the body to protect it from the cold—literally ""that which folds around."" The initial core of the root.",,,
فند,"According to Ibn Faris in Mu'jam Maqaayees al-Lughah, the primary classical origin signifies an error in judgment, weakness of mind, or unreliability resulting from old age or folly.",X,"2.) Intensive: ""to deny / disprove / refute"" -- To systematically dismantle, disprove, or debunk an argument step-by-step.",X,"4.) Causative: ""to deny / disprove / refute"" -- Expresses a direct ""make X do Y"" transition. To instantly render someone senile or invalidate an argument directly.",X,X,X,X,X,X,,,,,
وقف,"From this base of ""halting motion,"" the root branches into physical stopping, mental pause (gaining awareness/insight), legal endowments (property frozen/halted from sale), etc.","1.) ""To stand, to stop, to halt, to pause"" -- The foundational state of coming to a physical standstill or standing upright.","2.) Causative: ""To stop someone/something, to arrest, to suspend"" -- m.2 adds intensity, therefore in relation to m.4, this describes actively stepping in to physically arrest, pull over, or disrupt someone/something.",X,"4.) Causative-Direct: ""To bring to a halt"" -- in relation to m.2, this represents a direct, decisive, or legal/institutional. It is much more formal, legalistic, and broad (example of broad: stopping a engine)","5.) Reflexive-2: ""To come to a stop; to depend on (تَوَقَّفَ عَلَى)"" -- Experiencing a pause internally, or halting one's decision until another condition is met.",X,X,X,X,"10.) Seeking: ""To flag down, to draw someone's attention"" -- Requesting someone to stop their movement or thought process (istawqafanī hādhā = this caught my attention).","Keyword: وَقْف = Endowment -- An inalienable trust where an asset is ""frozen"" from sale so its proceeds benefit the public.",,,,
وزع,"According to Ibn Faris, the primary physical origin signifies restraining, pushing back, or preventing. This idea of ""assigning specific bounds"" evolved to the modern sense of dispersing/distributing allocations.",X,"2.) ""To distribute, to dispense, to allocate, to hand out"" -- Actively partitioning a whole into portions and parceling them out to multiple recipients.",X,X,"5.) Reflexive-2: ""To be distributed, to disperse, to split up"" -- The state of being divided or spread out across space, roles, or people.",X,X,X,X,X,"Keyword: وَازِع = Deterrent / Restraint / Inhibitor -- Derived from the classical Form I sense of ""holding back""; refers to an internal or external force that stops a person from doing wrong.",,,,
قنع,"Although Ibn Faris has a double-origin theory, based on MSA (ignoring classical and religoius contexts), we can narrow it down to one unified core concept: ""Full Closure / Being Filled to the Limit.""","1.) ""To be content / satisfied / pleased with what you have."" -- Your desires and needs have reached their fill line. You put a lid on them. You require nothing external.","2.) Denominative: ""To mask / veil someone, or to disguise something."" -- you are physically closing off a face or an object by sealing it behind a barrier. It is born directly from the daily noun قِنَاع (a mask).",X,"4.) Causative: ""to convince / to persuade."" -- When you convince someone, you are causing their brain to be filled to the limit with arguments until there is no room left for skepticism. ","5.) Reflexive-2: ""To wear a mask / to disguise oneself."" -- Sibling to Form II. You put a mask on yourself to seal your true identity away.",X,X,"8.) Reflexive-4: ""To be convinced, to be persuaded (بِـ)"" -- Internalizing conviction; reaching personal satisfaction with an idea or decision.",X,X,Keyword: مَقْنُوع = Satisfied / Content -- Passive participle describing a person whose needs or demands have been met.,,,,
بوح,"According to Ibn Faris, the primary origin signifies emergence, openness, and exposure. It stems from al-bāḥah—a wide, open courtyard, clear plain, or spacious area with no obstacles or walls to obstruct the view.","1.) ""To disclose, to reveal, to confide (بِـ)"" -- Bringing a hidden secret, emotion, or thought into the ""open courtyard"" of speech.",X,X,"4.) Causative: ""To permit, to allow"" -- Making an action ""open"" and free from restriction, prohibition, or legal barrier.",X,X,X,X,X,"10.) Declarative: ""to treat something as lawful/free for the taking,"" -- it is usually used in serious, negative, or political contexts to describe the violation of rights, sacred things, or territories.","Keyword: إِبَاحِيّ = Pornographic / Licentious -- Modern sociological and media term derived from ibāḥah (unrestricted openness), denoting content that breaks moral restrictions (aflām ibāḥiyyah).",,,,
دعر,"According to Ibn Faris, this has a single primary origin: revulsion, foulness, and harm. May be tied to damp, rotten wood (ʿūd daʿir) that produces heavy, choking, acrid smoke (instead of a clean flame).","1.) ""to engage in debauchery or vice"" -- native speakers rarely use active verbs directly derived from this root (like دَعَرَ / يَدْعَرُ), as they sound highly archaic; but you will see derived nouns.",X,X,X,X,X,X,X,X,X,,,,,
ندر,"While Ibn Faris historically noted dual origins, based on IRL MSA (ignoring classical and religious), this can absolutely be limited to one core concept: scarcity, rarity, and exceptionality.","1.) ""To be rare or scarce"" -- The foundational state of scarcity or occurring outside the normal pattern.",X,X,X,"5.) Denominative: ""to mock, joke about, or make fun of something/someone"" -- Derives from nādirah (anecdote); literally bringing out rare, witty remarks.","6.) Collective: ""To exchange witty/rare anecdotes"" -- Describing people socializing, joking around, or satirizing a situation.",X,X,X,X,"Keyword: نَادِرَة = Anecdote -- A short, funny, or unusual story (a seemingly ""rare occurrence"" in conversation)",,,,
شرر,"According to Ibn Faris, this root traces back to a single core origin: dispersion, evil, and hostility. The base may relate to sharār—sparks flying off a hot iron or open fire, spreading heat and danger outward.","1.) ""to be evil"" -- native speakers IRL rarely use the basic Form I verb. Instead, they rely heavily on its derived noun forms—like شَرّ (evil) and شَرِير (wicked)",X,X,X,X,X,X,X,X,X,,,,,
سوم,"In MSA, the core concept is bargaining, haggling, or negotiating a price. While classical dictionaries list meanings related to pasturing livestock or imposing harm, those are virtually nonexistent IRL. ",X,X,"3.) Asymmetrical: ""to haggle, bargain, or negotiate a price"" -- the modern core concept",X,X,"6.) Symmetrical: ""to haggle or negotiate with each other"" -- It implies a mutual, back-and-forth negotiation between two parties trying to reach an agreement.",X,X,X,X,,,,,
خلل,"According to Ibn Faris, this has a primary origin signifying an opening, gap, or space between two things. The sensory base relates to khilāl—the narrow spaces between fingers, teeth, or clouds.","1.) Contextual: While the verb is dead, a grammaticalized noun-turned-preposition from Form I is one of the most common words in all of MSA: مِنْ خِلَالِ... (min khilāli...) = Through / Via / By means of","2.) Denominative: ""To pickle something."" -- based on the noun  خَلّ which means Vinegar (a soured liquid created through a chemical process of breakdown and penetration)","3.) Asymmetrical: ""To become close, intimate friends with someone"" -- Forming a bond so deep that affection penetrates the gaps of the heart.","4.) Causative: ""To breach, to violate, to disrupt (بِـ)"" -- Introducing a gap, defect, or flaw into a contract, system, or duty (ikhlāl).","5.) Causative: ""To permeate, filter through, pass between, or intersperse."" -- Moving in between gaps, or penetrating through spaces (e.g., light through trees) causing them to be filled",X,X,"8.) Incohative: ""to suffer a breach / to fall into disrepair."" -- Because classical Form I meant to breach, damage, or leave a gap, Inchoative fits here because it denotes entering a state of defect or imbalance.",X,X,,,,,
ثمر,"The sensory base is thamar—the tangible produce or fruit harvested from trees and plants. The root evolved to describe financial gain, compound interest, personal effort paying off, a person's offspring, etc.","1.) ""To bear fruit, to yield, to ripen"" -- The foundational state of a plant or tree producing tangible fruit.",X,X,"4.) Causative: ""To produce fruit, to be productive, to yield results"" -- Causative action of producing fruit literally, or generating successful outcomes (athmara al-juhd = effort paid off).",X,X,X,X,X,"10.) Utilization: ""to invest"" -- the subject is strategically utilizting capital/fruit specifically so that the resulting fruit/yield flows back to benefit them.",,,,,
ثني - ثنى,"In almost every ancient Semitic language, this root exclusively meant the number ""two."" However, the physical act of ""making something into two layers"" became its own standalone verb: ثَنَى (to fold/bend)","1.) ""To bend, to fold, to dissuade (عَنْ)"" -- Bending a straight object over itself, or ""bending"" someone's intention away from an act.","2.) Denominative: ""To double, to repeat, to make dual"" -- its core concept comes from the noun for the number ""two"" (اِثْنَان / اِثْنَتَان), not from the physical act of folding",X,"4.) Positive: ""To praise, to commend, to speak highly of (عَلَى)"" --  you are taking a single item and treating it as a ""second, separate category"" outside of the main group. ","5.) Reflexive: ""To bend, to sway gracefully, to fold up"" -- the action falls back onto the subject, or happens spontaneously to the subject without an outside agent mentioned",X,"7.) Passive: ""To be bent, flexible, or to yield to pressure."" -- Receiving the action of bending; yielding under pressure without breaking.",X,X,"10.) Negative: ""To exclude or make an exception for something."" -- you are taking a single item and treating it as a ""second, separate category"" outside of the main group. ",,,,,
قطب,"The core concept of the root ق-ط-ب (Q-Ṭ-B) is all about a central axis, a pivot point, or a concentration where things converge.","1.) ""To gather / to frown"" -- Rarely used IRL today; replaced by Form II.","2.) Intensive: ""To frown, to scowl, or to knit/furrow one's brows."" -- Intensive gathering of facial features to a center point.",X,"4.) Causative: ""To polarize (something)"" -- Actively driving things into specific poles.","5.) State: ""To become polarized"" -- The state of contracting toward a central axis",X,X,X,X,"10.) Benefactive: ""to attract / to draw in / to win over."" -- You are causing things to treat you as their center axis for your own benefit.",Keyword: قُطْب = A geographic or magnetic pole -- Magnetic poles are the two regions at the opposite ends of a magnet where the magnetic force is strongest (aka where the force is concentrated at central point),,,,
ضرس,"The baseline noun for this root is ضِرْس , which means a molar tooth. Think about what a molar tooth looks like: it is not flat; it has ridges, jagged crests, peaks, and valleys designed for grinding down food.","1.) ""To bite hard, chew fiercely"" -- The baseline action of crushing or biting down with the molars.","2.) Causative: ""to harden / indent (to make something jagged, uneven, notched, or full of teeth-like ridges)"" -- casuing something to become metaphorically like a molar tooth",X,"4.) Rare: """"to cause someone's teeth to feel on edge"" -- when you ingest something sour/acidic, your molars feel it (however Modern Arabs will just say ""This is too sour"" (hāḏā ḥāmiḍ jiddan) rather than use this)",X,X,X,X,X,X,"Keyword: تَضَارِيس = Terrain, topography, land relief -- Plural noun directly derived from the jagged, uneven profile of molars; used for mountains, valleys, and land contour maps",,,,
بوب,"According to Ibn Faris, this has a single foundational concept: an opening or doorway that serves as a point of entry, transition, or division.",X,"2.) Denominative: ""to classify / subdivide"" -- although the core is door, it expanded abstractly ( أَبْواب = categories) and this verb was created directly from this noun.",X,X,"5.) Reflexive: ""To be categorized, classified, or divided into topics""",X,X,X,X,X,"Keyword: إعلان مبوب = classified ads -- Passive participle of Form II. Means ""categorized,"" ""classified,"" or ""itemized"" (i.e., advertisements organized under specific category headings).",,,,
ضرب,"The fundamental core concept: striking, physical contact, or movement of one thing hitting against another.","1.) Contextual: ""To hit / multiply / strike (ex. Protest)"" -- Applying a physical or figurative blow, casting an example, or making a sharp impact/refusal.","2.) Intensive: ""To incite strife/conflict, to stir up trouble"" -- Repeatedly ""striking"" relations between people to break them or cause friction; note: rarely it may be denominative for ""to quilt"" (see keywords).","3.) Asymmetrical: ""To Speculate (Finance)"" -- directing asymmetrical ""hitting"" in order to hit the finance market, ""Striking"" capital against market movements; note: in some dialetcs, it may mean ""to brawl.""","4.) Incohative: ""To go on strike (labor), to abstain/turn away from"" -- Transition of State: Metaphorically ""striking"" one's tools down or casting off work completely.",X,"6.) Symmetrical: ""To clash, conflict, contradict each other"" -- In modern media, this is heavily used to describe conflicting information, reports, or interests.",X,"8.) Incohative: ""To Be Unstable / Agitated / Disrupted"" -- describes a state of chaos, turbulence, or malfunction. Internal movement of ""striking itself""—waving back and forth like stormy water or an anxious mind.",X,X,"Keyword: الضرائب = taxes -- a financial duty that a government ""strikes"" or imposes upon its citizens.","Keyword: تَضْرِيب اللُحُف = quilting -- traditionally fabric was first beaten with a stick to fluff it out, plus the needle is striking down through the dense fabric, and the layers are tightly ""bound or struck together."" ",,,
وجه,"It originates from the physical human or animal face (wajh)—the prominent, expressive, and most recognizable forward-facing part of the body. It evolved into direction/orientation, status/prestige, and perspective.",X,"2.) Causative: ""To direct, guide, aim, address (a question/charge)"" -- Turning someone/something in order to have it face a specific direction, aim, or path.","3.) Asymmetrical: ""to face / be faced with / confront"" -- Standing face-to-face with a challenge, person, or obstacle.",X,"5.) Reflexive: ""To head toward, set off for, address oneself to"" -- in relation to m.8, this emphasizes Intentional travel to a destination.","6.) Symmetrical: ""To confront each other, meet face-to-face"" -- Two or more parties positioning themselves face-to-face.",X,"8.) Reflexive: ""to face a certain way, turn towards a direction, or follow a general trend"" -- in relation to m.5, this is more Orientation or general direction (ex. Turning a car, wind directions, abstract market trends)",X,X,"Keyword: وَجَاهَة = prestige -- Abstract noun, denoting a respected face/presence",,,,
عكس,"This root fundamentally carries the meaning of reversal, inversion, or opposition.","1.) ""To reflect, reverse, invert, mirror"" -- Actively turning an image, light, or concept back in the opposite direction.","2.) Intensive: ""To Reverse Completely / Disrupt / Counter"" -- implies intensity or deliberate counter-action. You may find its verbal noun ( تَعْكِيس ) is used in technical legal, political, and medical terminology.","3.) Asymmetrical: ""To oppose, contradict, harass, cross"" -- interaction against an object or another person; moving directly in opposition another's direction or intent.",X,X,"6.) Symmetrical: ""To conflict with each other, move in opposite ways"" -- denotes reciprocity (two things acting upon each other). It is used to describe two elements that clash or run in opposite directions.","7.) Passive: ""to be reflected (+ على)"" -- arguably the most common verb of the entire root in modern journalism and economics. It describes the result of an action reflecting back onto something else.",X,X,X,,,,,
وجب,"The core concept is falling, dropping down heavily, or landing with a thud -- because something that ""falls"" becomes a fixed reality that you cannot avoid or move, it evolved metaphorically (moral, legal, religious).","1.) ""to be necessary / be incumbent"" -- The baseline condition of a duty ""dropping"" firmly onto a person's responsibility; in relation to m.4, this is every day necessity","2.) Rarely used as a verb today, but its verbal noun تَوْجِيب (tawjīb) is used colloquially in the Levant and Gulf to mean ""performing proper social and hospitality etiquette for a guest.""",X,"4.) Causative: ""To necessitate, require, render imperative"" -- in relation to m.1, this is Legal/Systemic; Actively causing a requirement or legal condition to become mandatory.","5.) Reflexive: ""to be necessary""",X,X,X,X,"10.) Seeking: ""To Deserve / Merit / Call For"" -- A situation or crime ""demands"" or invites a necessary response/punishment.","Keyword: وَجْبَة = meal -- food ""drops into place"" to satisfy a scheduled requirement","Keyword: إِيجَاب = affirmation -- As a legal term, أَوْجَبَ means to firmly establish an obligation or decree a law down onto people (like a heavy strike); therefore, this means affirmation / enactment.",,,
خدم,"This revolves around the core concept of service, attendance, assisting or carrying out tasks for others, and active labor or employment.","1.) ""To serve, attend to, assist, work for"" -- The baseline physical act of performing labor or duties for someone","2.) Causative: ""To make someone serve / to supply labor"" -- Actively putting someone to work. Strictly people (servants, workers, staff). Rare as a standalone verb (mostly technical/agency text).",X,X,X,X,X,X,X,"10.) Utilization: ""To use / to utilize / to employ"" -- in relation to m.2, this is usually regarding tools, technology, and methods. When regarding people, it's carries a tone of ""utilize their skills for your benefit""","Mental gymnastics: خادِم = servant -- active participle, person serving && مَخْدُوم = master -- passive participle, the person being served",,,,
حرم,"This points to a single primary principle: the prevention or withholding of something, placing it beyond ordinary access or touch.","1.) ""To deprive, withhold from, dispossess"" -- The baseline action of placing a boundary between a person and a benefit","2.) Intensive: ""To forbid, declare unlawful, ban"" -- Actively establishing a legal or religious prohibition against an action.",X,X,"5.) Reflexive: ""To abstain from, refrain out of respect"" -- Holding oneself back from an act out of deference to a boundary.",X,X,"8.) Denominative: ""To respect, honor, revere, abide by"" --  It stems from the noun حُرْمَة which initially meant a space or entity that is completely forbidden (حرام) to violate, abuse, or trespass.",X,"10.) Declarative: ""to consider something forbidden (حرام) or morally unacceptable"" -- In MSA it is a formal statement of judgment; in Dialects (ex. Levantine) it is more like a verb of conscience/shame. ",Mental gymnastics: حُرْمَة = sanctity -- a state/quality where things are forbidden &&  حَرَام = forbidden -- Religious and legal designation for prohibited actions,,,,
ظلم,"In Bedouin desert life, this stems from the disorienting darkness of night in the open desert (الظَّلاَم) -- committing ẓulm (injustice/wrongdoing) leaves people in moral disorientation without the ""light"" of justice.","1.) ""To oppress; to treat unfairly; to wrong someone"" -- actively casting someone into ""the disorienting darkness of night""",X,X,"4.) Incohative: ""To grow dark; to become pitch black"" -- Directly manifests the core meaning of darkness. It means ""to enter a state of darkness"" or ""to become dark."" It behaves intransitively.","5.) Benefactive: ""To Lodge a Complaint / Appeal against Injustice"" -- to point out an act of oppression done to seek relief; You are acting on your own behalf to remove a wrong.",X,X,X,X,X,,,,,
سهم,"According to Ibn Faris, this has two foundational principles: سُهَام (the blistering heat or glare of the midsummer sun) &&  سَهْم (arrow -- they were used in casting lots to divide resources)","1.) ""To Look Grim / Stare Blankly"" -- when the burning sun strikes a person, they look worn out; over time, it evolved to encompass that someone's face changed turned sullen (not just due to sun).",X,"3.) Asymmetrical: ""To contribute; to participate; to hold shares"" -- Derived from ""casting arrows/lots together"" to divide a task, transforming into contributing a share to a collective effort.","4.) Synonym: ""To play a part in; to contribute to (synonymous with Form III)""",X,X,X,X,X,X,,,,,
شان,"According to Ibn Faris, the core is actively seeking, intending, or pursuing a trajectory -- it evolved from tears tracking down pathways in the skull, to the abstract concept of one's current business or ""affairs.""","1.) Rare: this root behaves as a nominal powerhouse, but a verbal dead-end in Modern Standard Arabic (MSA).",X,X,X,X,X,X,X,X,X,"Keyword: شَأْن = affair -- your ""affairs"" are not just random events; they are the specific goals, businesses, or trajectories that currently command your intent and seeking",,,,
جنن,"Its core concept means to hide, conceal, or cover in darkness. However, from this idea of ""hidden things,"" we get womb (جنين), paradise (جنة), spirits ( جن), madness ( جنون ), etc.","1.) Contextual: ""To Cover in Darkness / Go Mad"" -- something being concealed by darkness, or the intellect becoming veiled from rational thought.","2.) Causative: ""To drive crazy, infuriate, madden"" -- Actively causing someone to lose their mental composure or clarity.",X,"4.) Causative: ""To harbor an internal secret/feeling"" -- causing a secret, feeling, or thought to be hidden inside your chest. Used constantly in dramatic or poetic prose.","5.) Reflexive: ""to go crazy / become insane"" ",X,X,X,X,"10.) Rare: its passive participle (مُسْتَجَنّ - mustajann) acts as a highly specialized technical adjective meaning latent, hidden, or dormant.",Keyword: جَنِين = fetus -- the unborn child concealed within the darkness of the womb,"Keyword: جَنَّة = paradise (religious contexts) -- a lush, walled garden so thick with trees that its ground is hidden in shade; for Christians Heaven is  المَلَكُوت (The Kingdom) or الـجَنَّة (Paradise/The Garden).",,,
غضن,"This centers on one primary foundational principle: a folding, creasing, or gathering of a surface upon itself",X,"2.) Causative: ""To Wrinkle Something / Frown"" -- in regard to Facial Expressions: غَضَّنَ جَبْهَتَهُ عِنْدَمَا غَضِبَ (He wrinkled/furrowed his forehead when he got angry).",3.) Rare,X,"5.) Reflexive: ""To become wrinkled; to pucker; to break into creases"" -- The passive/reflexive state of skin, fabric, or a surface forming creases like drying animal hide.",X,X,X,X,X,"Keyword: في غضون = within, during, in the course of -- Literally meaning ""within the folds of...""","Keyword: غُصْنُ الزَّيْتُون = Olive branch (a symbol of peace) -- linked through the concept of the soft, pliable, easily bent shoot of a tree",,,
كرث,"According to Ibn Faris, this doesn't trace back to a specific tool or metaphor -- he notes that it has only a starting point: a matter burdening someone and it has reached the limit of crushing distress and hardship.","1.) ""To distress; to oppress; to overburden"" -- Directly mirrors placing a crushing physical weight upon someone until they are distressed.",X,X,"4.) Rare: ""to cause heavy grief/distress."" -- While classical dictionaries note it, it is 100% dead in modern MSA",X,X,X,"8.) Negative: ""To care about; to pay heed to; to be concerned by"" -- Derived from letting a matter ""weigh upon"" or ""distress"" oneself; used today almost exclusively in the negative ( لا يَكْتَرِث - he doesn't care ).",X,X,Keyword: كَارِثَة = disaster -- the feminine active participle; its the thing that crushes you with extreme burden and hardship.,,,,
لفت,"Based on the idea of twisting one's neck/body to turn toward or away from an object. From here, it evolved into: turning attention, drawing notice, deviating from a established course, etc.","1.) ""To Draw / Attract (Attention)"" -- In modern IRL MSA, it has been repurposed into one specific metaphorical concept: attracting attention or pulling focus","2.) Rare: If you try to use Form II or Form IV to mean ""to attract attention,"" a native speaker will immediately correct you and tell you to stick to لَفَتَ (Form I).",X,"4.) Rare: If you try to use Form II or Form IV to mean ""to attract attention,"" a native speaker will immediately correct you and tell you to stick to لَفَتَ (Form I).","5.) Intensive: ""To Glance Around Nervously / Scan the Room"" -- implied frequency and intensity. In MSA novels and dramatic media, it means to repeatedly twist your neck to look in multiple directions.",X,X,"8.) Reflexive: ""To Physically Turn Around / To Pay Mind To"" -- functions as the reflexive partner to Form I. Instead of turning someone else's eyes, you are turning your own eyes/mind",X,X,Keyword: لَافِتَة = sign -- a physical fixture erected explicitly to turn the eyes of passersby toward its displayed message.,,,,
نمو,"Revolves around the natural, upward growth of living things (ex. plants sprouting from the soil or animals increasing in body mass). It evolved to financial profit, personal development, general increase, etc.","1.) ""To grow, to increase, to develop"" -- The physical act of expanding in size, stature, or quantity over time.","2.) Causative: ""To cultivate, to develop, to nurture"" -- Actively fostering or stimulating the physical or abstract growth of something.",X,X,X,X,X,X,X,X,"Keyword: تَنْمِيَة = development -- applied modernly to human, social, or economic planning aimed at fostering steady upward expansion.",,,,
حسب,"Ibn Faris splits this into two primary branches: calculation/counting && sufficiency. However, in MSA as we know it, the ""sufficiency"" branch has been almost entirely stripped out of the verbal system.","1.) Contextual: ""To count, to calculate"" or ""To deem, to consider, to assume"" -- either physical/mental calculation/counting, or mentally evaluating a situation based on available data.",X,"3.) Asymmetrical: ""To Hold Accountable / Audit / Settle a Bill"" -- Sitting down to tally up actions or finances to balance the ledger.",X,"5.) Reflexive: ""To Anticipate / Guard Against / Take Precautions"" -- behaves as a mental-reflexive. It means you are running safety numbers in your head to prepare for trouble.","6.) Symmetrical: ""to settle a mutual account""",X,"8.) Benefactive: ""To anticipate (a reward), to take into account"" -- Factoring an act into one's spiritual or practical tally for future reckoning.",X,X,"Keyword: محسوبية = favoritism  -- By adding the abstract suffix (-iyyah), it became a noun for the corrupt systemic behavior (giving jobs/favors to the people who are ""calculated"" as part of your team).",,,,
قصد,"Interestingly, Ibn Faris splits this root into distinct starting branches -- however in MSA, the core concept/branch of ""intent, direction, and direct pursuit"" dominates the language.","1.) ""To intend, to mean, to head toward"" -- This is the ultimate day-to-day workhorse of the root; Physically walking straight toward a location or mentally aiming directly at a meaning.",X,X,"4.) Rare: ""To hit the mark, to kill on the spot"" -- Striking a target with absolute directness, leaving no margin for straying; used in novels meaning someone was killed on the spot.","5.) Reflexive: ""To do intentionally, to target deliberately"" -- Intentionally setting one's trajectory straight toward a specific act or person.",X,X,"8.) Benefactive: ""To Economize / Be Moderate / Save Money"" -- uses the concept of ""staying directly on the middle path"" without veering into wasteful extremes.",X,X,"Keyword: قَصِيدَة = Poem -- traditionally named because the poet intentionally directs their focus and craft toward a structured, balanced composition.",,,,
نقش,"It originally involved altering a surface by physically cutting into it, etching a design, or applying intricate, detailed patterns (ex. chiseling stone or engraving metal).","1.) ""To engrave, to carve, to paint patterns"" -- The physical act of incising grooves or applying pigments to create a distinct mark","2.) Intensive: ""to decorate intricately, embellish, or variegate with multiple colors and patterns."" -- implies a highly detailed, multi-colored, or repetitive aesthetic ornamentation.","3.) Asymmetrical: ""to discuss, debate, or deliberate"" -- you are metaphorically scratching beneath the surface and meticulously examining every detail, just like an engraver working on a fine piece of metal.",X,X,"6.) Symmetrical: ""To debate with each other"" -- Mutual probing and detailed examination of an issue between multiple parties.",X,"8.) Rare: IRL this root has practically shed the old physical meaning of ""extracting."" If you do hear it, it almost exclusively takes on a psychological meaning: ""to be engraved/imprinted upon the mind or soul.""",X,X,,,,,
كسب,"The core meaning is to earn, acquire, win, or gain something (such as money, livelihood, a reputation, a skill, or a benefit) through effort and action.","1.) ""To earn, to win, to acquire"" -- in relation to other measures such as m.8, this is tangible, transactional things you actively ""win"" or ""earn"" (money, a prize, a game, a lawsuit).","2.) Rare: It historically meant to make someone earn money, but Form IV completely took over this duty in formal writing. (Note: You will hear Form II used heavily in spoken regional dialects, like Egyptian).",X,"4.) Causative: ""To impart, to bestow upon, to give"" -- Directing an attribute, skill, or profit into another person's possession.","5.) Intensive: ""to earn one's living through a certain trade, hustle, or craft,"" -- it implies a repetitive, continuous, or effortful action over time (the daily hustle).",X,X,"8.) Benefactive: ""To acquire (skills/traits), to earn (merit)"" -- while m.1 is neutral ""to earn/win,"" m.8 means you are pulling that skill, habit, or trait into yourself and keeping it in order to benefit yourself.",X,X,,,,,
وكل,"This root has a core concept of entrusting, relying upon, or assigning responsibility to someone else -- it moves between legal contexts (power of attorney, agencies) and theological/daily expressions of trust.","1.) ""To entrust, to commit (a task to)"" -- the basic core concept of the root; in relation to m.4, this implies a total, often vulnerable handing over of control -- often peer-to-peer or human-to-God.","2.) Intensive: ""To authorize, to appoint as agent/attorney"" -- intensifies the idea of assigning responisility to someone; in relation to m.4, the direct object for this verb is almost always a person.","3.) Rare -- In classical dictionary entries, وَاكَلَ meant ""to mutually rely on one another"" (the people passed the buck to each other)","4.) Causative: ""to delegate, or transfer (a duty, project, or mission to someone else."" -- in relation to m.1, you are not giving up your power. The subject is an authority figure giving an assignment to someone.","5.) Reflexive: ""To Rely Upon / Put One's Trust In"" -- because m.2 means to officially appoint a legal proxy, m.5 means you are putting your own mind into a permanent state of reliance upon that proxy.","6.) Negative: ""To be complacent, to shirk responsibility"" -- Everyone leaning on everyone else, assuming others will carry the load, leading to inaction.",X,"8.) Incohative: ""To lean on / depend heavily upon"" -- unlike m.5, this is the heavy state of absolute dependency that results from it (whereas m.5 is simply a conscious, active mental alignment).",X,X,Keyword: تَوْكِيل = authorization -- the formal document or act of delegating one's legal authority to another.,,,,
وفد,"The primary sensory origin is riders arriving together at a watering place or ruler's court -- unlike general verbs of arrival, this root always carries a nuance of importance, representation, or mass movement.","1.) ""To arrive, to come as a delegate"" -- The physical journey and arrival of individuals or groups at a destination; it implies the arrivals represent a group or are moving in notable numbers.","2.) Rare: ""to dispatch / send"" -- to deliberately gather people into a formal delegation (wafd) before sending them. You will almost never see this in news headlines; they will always use Form IV.",X,"4.) Causative: ""to dispatch / send"" -- the absolute standard, highest-frequency verb used for causing an official representative, delegation, or student (on a scholarship) to be sent abroad.",X,"6.) Intensive: ""to arrive one after another in massive numbers."" -- Consecutive groups physically arriving one after another at a location. You will see in media on tourism, major events, festivals, disasters, etc.",X,X,X,"10.) Seeking: ""to request or summon a delegation/foreign workers "" -- there may be other definitions, but this is how it's used in modern, real-life administrative and legal language","Keyword: عمالة وافدة = foreign workforce -- why ""وافدة"" and not ""أجنبية"" (Foreign)? Because calling another Arab ""أجنبي"" (foreign/alien) can sometimes sound slightly harsh or exclusionary.",,,,
جلس,"This root revolves around sitting -- unlike  ق - ع - د which carries a nuance of shifting from standing to sitting, this historically implied shifting from a lying down or slouching position to a sitting posture.","1.) ""To sit down, to sit upright"" -- This is the standard, everyday verb for 'to sit.'",X,"3.) Asymmetrical: ""To sit with, to keep company"" -- Placing oneself alongside another in a shared, stable seated posture.","4.) Causative: ""To seat, to cause to sit"" -- Directing or assisting an individual to settle into a seat.",X,X,X,X,X,X,Keyword: مَجْلِس =  council -- the physical or organizational space where people gather to sit and deliberate (مَجْلِس الْوُزَرَاء — Cabinet/Council of Ministers).,"Keyword: جلسات استماع = hearings -- In Arabic culture and governance, a جَلْسَة is not just randomly resting on a chair; it is an organized, seated gathering where people assemble for a specific, serious purpose.",,,
حوذ,"According the Ibn Faris, this root revolves around swiftness, rapid movement, and tightly pulling something together/rounding it up; m.10 is most common, and it's famous for ""breaking the laws of Arabic phonology.""","1.) Rare: ""To drive tightly, to collect together"" -- The physical action of rounding up animals or items into a compact group.",X,X,"4.) Rare: In classical Bedouin Arabic, this functioned as a direct causative-transitive version of that core ""rounding up"" (could have been a literal herd, or referred to textiles ""he rounded/wrapped up his garments"").",X,X,X,X,X,"10.) Declarative: ""To acquire / take over / monopolize"" -- when a company or a thought تَسْتَحْوِذُ عَلَى you, it has metaphorically corralled you into a corner, and taken total possession over your asset or attention.",,,,,
خلق,"From the idea of physical shaping and smoothing, it evolved: creation out of nothing, innate disposition of inner character (the smoothed structure of one's personality), etc.","1.) ""To Create / Invent / Generate"" -- the core of the root; while it historically carried theological undertones (God creating the universe), MSA uses it for human innovation, economics, and science.","2.) Intensive: ""To Synthesize (Science/Chemistry)"" -- in modern medical and scientific MSA, this is the definitive verb for chemical synthesis, cloning, or manufacturing artificial compounds.",X,"4.) Rare: historically meant ""to wear out a garment until it becomes smooth/threadbare."" While you won't hear the verb, you will hear its adjective مُخْلِق (threadbare/worn out) in classical literature.","5.) Contextual: ""To Form / Develop (Embryology) OR To Adopt Manners"" -- It describes cells naturally shaping themselves into a physical structure, OR ""he sculpted his own character"" to fit a moral pattern.",X,X,"8.) Benefactive: ""to invent a lie, fabricate a story, or forge a rumor."" -- Artificially ""shaping"" and engineering a story or rumor that did not naturally exist for your own benefit.",X,X,Keyword: أخلاق = morals -- the collective framework of character traits that form a society's or individual's behavioral balance.,"Keyword: الخَلُوق = a classical perfume -- made from grinding raw spices into a smooth paste; it is not used for ""perfume"" in MSA, but it remains heavily alive in hadith literature and Islamic jurisprudence.",,,
عزل,"Ibn Faris states that this root denotes setting something apart, separating, or removing it from a collective group (taking an object or animal out of a herd or pile and placing it in a separate, solitary spot).","1.) ""To isolate, to dismiss, to depose"" -- Physically or legally setting a person or object apart from their group or post.",X,X,4.) Rare,X,X,"7.) Reflexive: ""to isolate oneself, become secluded, or withdraw from society"" -- Naturally ending up physically or socially detached from the surrounding environment.","8.) Reflexive: ""to retire / to permanently quit a profession/hobby"" -- Deliberately separating oneself from a profession, politics, or public affairs.",X,X,"Keyword: أَعْزَل = unarmed -- a person who has set aside their weapons, or who has been isolated from any means of defense",Keyword: عازل مائي = waterproofing -- a barrier that keeps water isolated from the structure of a building.,,,
حطم,"This root was founded in the idea of breaking, crushing, or shattering something hard into dry, brittle pieces (like dry twigs, bones, or glass) -- it evolved into crushing spirits, breaking records, etc.","1.) ""To break, to shatter, to crush"" -- The direct application of physical force breaking a rigid object into pieces. IRL it is often used metaphorically in sports and business analytics to describe breaking records.","2.) Intensive: ""To Completely Destroy / Demolish"" -- it implies total devastation, or intensity (repeated or forceful crushing of a physical object, record, or morale into fragments).",X,X,"5.) Incohative: ""To crash / shatter into pieces (planes, glass)"" -- Spontaneously entering a new, fragmented state of being (The plane shattered/crashed).",X,"7.) Rare: it is virtually dead IRL in MSA. A single, clean ""passive split"" (Form VII) doesn't fit the physics of the action (shattering hard things into many brittle pieces). MSA favors Form V for this specific root.",X,X,X,,,,,
صوغ,"Based on the idea of melting, hammering, and crafting of liquid metals into jewelry and ornaments -- from here, we get abstract extensions like phrasing words, formulating plans with deliberate structure, etc.","1.) ""to draft, to formulate, to phrase, to mold"" -- in relation to m.2, this is a single, direct act of creation, expression, or design","2.) Intensive: ""To structure or shape heavily"" -- used when you are completely structuring an entire framework, formula, or system from top to bottom; deliberately standardize or codify a process.",X,X,X,X,"7.) Passive: ""To be molded, to be shaped""",X,X,X,Keyword: صَاغَة = goldsmith -- the artisans whose profession centers on melting and hammering precious metals into fine pieces.,"Keyword: صِيغَة = formula -- the fixed structural frame into which data, equations, or verb roots are cast.",,,
بين,Ibn Faris notes two distinct concepts: separation/distance between two things && absolute clarity/visibility.,"1.) ""To be clear, to become evident, to separate"" -- Manifesting clearly by standing distinctly apart from other details.","2.) Causative: ""To explain, to clarify, to demonstrate"" -- causing something to be clearly visible; in relation to m.4, This is used for presenting data, studies, or detailed arguments. It feels structured and methodical.","3.) Asymmetrical: ""to differ / vary"" -- This verb taps directly into the ""separation"" meaning; requires a direct object because the variance flows from one party toward another.","4.) Causative: ""To explain, to clarify, to demonstrate"" -- causing something to be clearly visible; in relation to m.2, this is often used for expressing thoughts, inner feelings, or speaking with eloquence.","5.) Reflexive: ""to become clear"" -- It is often followed by the preposition لِـ (to) or أَنَّ (that); Used heavily in legal investigations, research conclusions, or medical diagnoses.","6.) Symmetrical: ""to differ / vary"" -- This verb taps directly into the ""separation"" meaning; the difference is a mutual state shared between them. Neither party is the direct object; they are both equal participants.",X,X,X,"10.) Contextual: ""to seek clarity, to perceive clearly, or to fully discern something that was hidden."" -- While slightly more formal than Form V, it is very common in high-level political analyses or essays.",,,,,
شرع,"Ibn Faris notes a single origin: a visible, open path or entryway, particularly a waterhole (شَرِيعَة) where travelers go to drink -- and ""raising"" is a visual extension of the main concept: laying out a straight line.","1.) Contextual: ""To start/embark on a task (Super common)"" OR ""to decree a basic rule."" -- Stepping directly onto the path to start a movement or opening a course of action","2.) Intensive: ""To formally legislate/pass a law"" -- takes the secondary meaning of m.1 and intensifies it (more than a basic rule); Creating and laying out the open, designated path/rules for others to follow.",X,"4.) Rare: Historically, أَشْرَعَ سَيْفَهُ or أَشْرَعَ رُمْحَهُ literally meant ""he aimed/pointed his sword or leveled his spear"" directly at an enemy -- Directing something forward as though it were an unobstructed path.",X,X,X,"8.) Benefactive: ""To formulate or enact laws (for oneself/group)"" -- this is far more selective and literary, you will typically see m.2 IRL in MSA.",X,X,"Keyword: شَرِيعَة = Law / Islamic jurisprudence -- Because water equals life, the Arabs took that exact same concept of a ""clear, straight path to survival"" and applied it metaphorically to religion and civil laws. ",Keyword: مَشْرُوع = project -- something that has been initiated or set upon a valid track.,Keyword: شِرَاع = sail (of a boat) -- Connects to the physical concept of extending or raising something upward into the open air to catch the wind.,,
غلل,"This centers on a primary physical principle: entry, insertion, or penetration into the depth or interior of something (often accompanied by constraint, intertwining, or hidden movement).",1.) Rare: you will rarely see the verb itself unless it's a religious text discussing grudges (.لَا تَجْعَلْ فِي قُلُوبِنَا غِلًّا) or a highly dramatic headline about a prisoner being shackled (.غَلَّ يَدَيْه).,"2.) Rare: ""To shackle a prisoner"" or ""To rub perfume into someone's beard"" -- You are making the person ""enter into shackles."" Or You are making the perfume ""penetrate deep into the hair.""",X,"4.) Positive: ""To yield/produce crops or profit"" -- Bringing forth returns that were stored deep within land or investment","5.) Rare: ""to penetrate"" -- To get tangled/locked in shackles, or To rub perfume into your own beard/skin -- note: a quadrilateral root تَغَلْغَلَ was made and it is used more often than this",X,"7.) Rare: ""to be inserted / to slip into / to penetrate / to blend into."" -- passive; the subject effortlessly slips into something, or is smoothly inserted into a space (rather than a forced struggle).",X,X,"10.) Utilization: ""To exploit, utilize, or take advantage of"" -- Penetrating into a resource or situation, and utilzing it in order to extract all internal benefit/yield","Keyword: أَغْلَال = shackles -- this deals with the ""core result"" of being constrainted (after some sort of penetraion); Modern usage refers to physical or figurative iron bonds.","Keyword: غِلّ = malice -- Connects to bitter emotion trapped and festering deep inside the chest (like the other keyword, ""being trapped within"" is a documented byproduct of this root [penetration])",,,
ذلل,"This root revolves around lowliness, submissiveness, being easy to manage and overcome -- it can be negative (humiliation/subservience) or positive (taming, smoothing out, or making something easy to navigate).",X,"2.) Denominative: ""to smooth out, overcome, or remove obstacles to make a task easy."" -- modern professional MSA builds this from the adjective ذَلُول (tamed, smooth, compliant).",X,"4.) Causative: ""to humiliate, debase, or bring someone to their knees."" -- causing someone to be low; may find this in political speeches and war reporting to describe one power subjugating another.","5.) Reflexive: ""to be humble / be obsequious"" -- it can mean cringing sycophancy in politics (groveling to a boss), or deeply sincere humility in religious contexts (humbling oneself before God).",X,X,X,X,"10.) Intensive: ""to deride / disparage"" -- unlike m.4, this is not a one-time event; it is an ongoing structural relationship of oppression.",,,,,
جبر,"This root centers on a primary physical principle: setting, binding, or mending something broken back into a whole, functional state (most notably the setting of a fractured bone).","1.) ""to bandage / restore"" -- the core of the root; can be literal (in relation to m.2, this focuses on the result of aligning the anatomy.) or metaphorical (ex. ""mending broken spirits/hearts"").","2.) Intensive: ""to encase, wrap, splint, or plaster the limb."" -- in relation to m.1, this is the physical labor of mixing the plaster, wrapping the bandages, and building the hard shell around the arm.",3.) Rare:  Modern MSA dropped جَابَرَ because the Form I idiom we discussed earlier—جَبْرُ الخَوَاطِرِ (mending/consoling hearts)—is so culturally dominant that m.3 became totally redundant.,"4.) Causative: ""To force, compel, or coerce"" -- metaphorically exerting firm, overriding pressure to bend something into place.","5.) Negative: ""To act tyrannically or display overbearing pride"" -- The subject is wrapping themselves in unyielding power (jabr) over others; often used for dictators, oppressive regimes, or abusive corporate entities.",X,"7.) Passive: ""to be mended, to heal up, or to become set (for bones)."" -- Form VII is the pure passive/anticausative counterpart to Form I. Example: ""The fracture healed/became mended after a month.""",X,X,X,Keyword: الجبر = algebra -- Relates directly to reuniting severed or broken parts into a balanced whole.,,,,
حدث,This revolves around a single primary concept: the emergence of a new state/thing that did not exist prior -- this root heavily expands into speech and conversation (as speaking generates new words/news).,"1.) ""To happen, occur, or take place"" -- The literal coming-into-being or emerging of a new event or situation","2.) Contextual: ""To Inform, Tell"" or ""to update""-- it is denominative from  حَدِيث (this noun means both ""talk"" and ""modern"") -- in relation to m.5, this is actively giving information to someone.","3.) Asymmetrical: ""To engage someone in conversation"" -- in regard to m.5, this requires a direct object without prepositions because it emphasizes the social act of addressing or engaging someone directly. ","4.) Causative: ""To cause, bring about, or innovate"" -- Actively bringing a new condition, change, or state into existence","5.) Reflexive: ""to speak / discuss"" -- in regard to m.2, this focuses entirely on the subject speaking. If you want to say who they are speaking to, you must use a preposition like إِلَى (to) or مَعَ (with).","6.) Symmetrical: ""To converse/chat together mutually"" -- requires a plural or mutual subject because the conversation is an equal, back-and-forth exchange where everyone is chatting together.",X,X,X,"10.) Intensive: ""To Invent / Systematically Introduce"" -- whereas m.4 may be unintentional or a byproduct of an action, this means to intentionally design, invent, or codify a brand-new entity or system. ","Keyword: حَادِث = accident -- represents a sudden, newly emerged situation breaking the prior status quo.",,,,
عيش,This has single primary principle: life and that by which life is sustained -- think of consuming bread (or another staple sustenance) to stay alive and the basic biological experience of existing and staying alive.,"1.) ""To live, reside, or survive"" -- This is the everyday, neutral verb for the flat act of physically being alive, residing somewhere, or surviving.","2.) Rare: ""To keep alive; to provide a living for"" -- MSA arguably prefers m.4, but used in spoken regional dialects (like Egyptian or Levantine). ","3.) Asymmetrical: ""To experience firsthand; to live through"" -- Sharing a physical or temporal living space alongside an event or group; example: ""The author lived through / witnessed the events of the revolution.""","4.) Causative: ""To sustain; to grant a livelihood"" -- Supplying the physical food or income needed to maintain biological life","5.) Rare: ""to subsist / make a living"" -- AraMaster highlights how it's similar to m.8; however, this is rarely used in MSA as we know it.","6.) Collective: ""To coexist; to live together peacefully"" -- Sharing vital resources and space harmoniously without threatening mutual survival",X,"8.) Benefactive: ""to subsist / make a living"" -- usually paired with  عَلَى or مِنْ  to denote a specific food source or income stream (like an animal subsisting on grass, or a village subsisting on fishing).",X,X,"Keyword: إعاشة كاملة = full living expenses -- this includes the m.4 verbal noun, which is how we get the provision of livelihood, sustenance, or the literal means to keep someone fed and housed.",Keyword: مَعَاش = pension -- Directly links to the guaranteed funds that ensure continuous physical survival.,,,
عفو,"The core concept: to leave something alone, or completely erase its traces -- this evolved into forgiveness/amnesty, natural growth, exemption, and everyday social politeness ( ex. عَفْواً ).","1.) ""to forgive / excuse"" -- Paired with the preposition عَنْ , you are completely erasing the trace of the mistake or crime so it is left behind.","2.) Rare: ""to efface / eliminate"" -- intensive verb meaning to physically obliterate, wipe out, or completely efface a trace on the ground (like wind erasing footprints in sand).","3.) Asymmetrical: ""to restore to health, heal, or deliver someone from illness"" -- Erasing illness or harm from the body, leaving it clear of affliction.","4.) Causative: ""to exempt, excuse, or relieve (someone from a duty/fee)"" -- causing someone to be left alone, erasing the burden from their shoulders",X,"6.) Reflexive: ""to recover, bounce back, heal up, or regain one's strength."" -- this is reflexive to m.3; the subject’s body is systematically erasing the illness or weakness internally, working its way back to full health.",X,"8.) Rare: ""To seek a favor or pardon"" -- Approaching someone to request that they wipe away a burden or grant surplus, I'd argue if it needs a label it'd be benefactive.",X,"10.) Seeking: ""To resign; to ask for exemption/pardon"" -- Seeking to be released or erased from an official post or obligation.",Keyword: عَفَوِيّ = spontaneous -- derives from the sense of unforced abundance that flows naturally without obstruction.,,,,
نزع,"The core concept: to yank, strip away, extract, or remove something forcefully from its place.","1.) Contextual: ""To remove, strip away"" or ""To tend towards + الى "" -- Forcefully pulling something out of its fitting; or inclining toward a origin (the place which they were removed from).","2.) Rare: ""To remove, strip away"" -- if m.1 is raw removal, then m.2 is more like an intensive teardown; to tear something into pieces or violently strip things away repeatedly.","3.) Asymmetrical: ""To dispute, contest with"" -- Tugging back and forth against another party over control or possession; Subject A is trying to pull ownership away from Object B.",X,X,"6.) Symmetrical: ""to clash, dispute mutually, or fight with one another over something"" -- It requires a plural subject or a ""between"" (bayna).",X,"8.) Benefactive: ""taking by force, seizing, grabbing"" -- to snatch away, wrest, or forcefully extract something from an opponent for your own victory or possession.",X,X,,,,,
خرط,"This revolves around a primary sensory origin: stripping, peeling, or pulling something smoothly along a long object (such as stripping leaves from a branch by sliding your hand down it).","1.) ""to strip / lathe"" -- Stripping away outer shavings to shape wood/metal (in MSA, this is primarily a technical and manufacturing verb).","2.) Rare: mostly been absorbed by Form I or pushed into colloquial dialects (like Egyptian or Levantine Arabic, where خَرَّط means ""to chop vegetables"" or ""to lie/tell tall tales"")",X,X,X,X,"7.) Reflexive: ""To join, enroll, or become involved"" -- this is a metaphorical semantic shift from m.1; instead of literal stripping with a lathe, the subject chooses to strip themselves of their independence.",X,X,X,"Keyword: خَارِطَة = map -- this is a loan && also related to root; from the Ancient Greek word χάρτης (khártēs), which referred to a sheet of papyrus; but the native Arabic root خَرَطَ means to peel bark off a tree.",,,,
صبب,"This root primarily carries the meaning of pouring, flowing, or shedding. ","1.) ""To pour, stream, or focus on"" -- Directing a liquid downward, or pouring effort/attention into a task.",X,X,X,"5.) Reflexive: ""To pour down; to sweat profusely"" -- Sweat or fluid streaming off a body or surface like falling rain.",X,"7.) Passive: ""To be poured out; to focus/flow into"" -- Streaming or cascading freely into a vessel, channel, or topic",X,X,X,"Keyword: انصبَّ = focusing or centering (on a topic) -- in Modern Standard Arabic (MSA), the physical act of ""pouring entirely into a single channel"" shifted into an abstract metaphor for concentrating.",Keyword: صَبَابَة = longing (lingering affection) -- Reflects the physical imagery of emotion pouring continuously into the soul.,"Keyword: مَصْبُوب = cast (metal) -- this  مَصْبُوب literally translates to ""that which has been poured"" && when you melt lead, iron, or steel and pour it into a mold, it becomes cast metal.",,
عبا,"The core: a concentrated mass, load, or volume packed into a designated space -- it evolved into organizing military ranks, filling containers, and assigning weight or importance to something.","1.) ""to care about / to give a damn."" -- Assigning weight (عبء) or importance to a matter; You will rarely hear it used positively. ","2.) Contextual: ""To pack, fill, bottle"" or ""to mobilize (troops)"" -- Gathering and packing heavy goods into containers, or assembling military units into dense ranks",X,X,"5.) Reflexive: ""To prepare, equip, or arm oneself"" -- active/military/personal preparation: arming, preparing, or getting ready to face something.",X,X,"8.) Denominative: ""To assume or absorb an expense/load"" -- born directly out of the noun عِبْء (burden/load)  or عَبَّأَ (to pack completely inside a container).",X,X,Keyword: عَبْوَة = package -- Modern usage refers to product containers or military explosive charges. Connects to a densely packed volume containing concentrated material.,"Keyword: تعبئة = mobilization, filling -- Modern usage refers to military draft/mobilization, product packaging, or bottling lines. Relates to gathering forces or materials into an organized unit.",,,
لام,"The root carries the primary meaning of mending, healing, or bringing things together in harmony.","1.) ""To mend, repair, suture."" ",X,X,"4.) Contextual: ""To cause to heal OR to act meanly"" -- The noun لَئِيم means ""mean"" (someone who wouldn't ""gather or mend"" social rifts)",X,X,X,"8.) Reflexive: ""To heal up (intransitive) / to reunite"" -- describes a body part healing on its own; or metaphorically to describe factions coming together or a council gathering.",X,X,"Keyword: تلاءم مع = to be in agreement with -- since the core is ""mending or bringing things together in harmony,"" this implies things have been brought together in harmony, leaving no discord or mismatch.",,,,
ملك,"Although in MSA it's mostly about ownership, the root denotes strength, firmness, and solid grasp over a thing -- and from this idea, the root evolved (owning property, possessing emotional self-control, etc).","1.) ""To own, possess, or hold power over"" -- Establishing a firm, direct grasp over property or authority.","2.) Causative: ""To grant ownership, empower, or transfer title"" -- in relation to m.4, this is typically used for transferring of physical or legal ownership (gifting, selling, giving title).",X,"4.) Causative: ""To Put in Possession / Make Able to Possess"" -- in relation to m.2, this focuses on enabling someone to own something or putting it within their reach (ex. Marriage contracts and classical literature).","5.) Reflexive: ""To take control / dominate"" -- to make oneself the owner; however, it also carries an intensive nuance (taking complete possession or dominating).","6.) Reflexive: ""to control oneself, to restrain oneself, or to maintain composure."" -- it implies that the subject is treating their own emotions or impulses as the object to be ""owned"" and controlled.",X,"8.) Benefactive: ""To Possess / To Own"" -- It is neutral and doesn't imply any force or special process; in relation to m.1, this focuses on the subject owning for themselves as a personal asset.",X,"10.) Intensive: ""To expropriate; to take control or acquire land"" -- this verb has a very specific legal and governmental meaning; it implies a formal, legal, or compulsory acquisition.",Keyword: مَلَاك = angel -- spiritually signifies a powerful celestial entity endowed with executive strength to execute divine commands.,,,,
جني - جنى,"The root fundamentally relates to harvesting, gathering, and reaping -- example: just as a farmer gathers fruit (جَنَى الثِّمَارَ), a criminal ""reaps"" the consequences of a bad deed.","1.) Contextual: ""To reap, harvest, or earn (Abstract or Physical)"" or "" To commit (a crime) or wrong someone"" ",X,X,X,"5.) Rare: ""To falsely accuse / wrong someone verbally"" -- it classically meant ""to make oneself a jānī (criminal/wrongdoer)"" or ""to force a crime upon someone else.""",X,X,"8.) Benefactive: ""To gather, pluck, or harvest (fruits, benefits, results)"" -- To harvest for oneself. You will rarely see this for crimes. It is arguably redundant in everyday speech, which is why some say it is literary. today.",X,X,"Keyword: جناية = felony -- In Islamic jurisprudence and modern Arabic legal terminology, جناية refers to a major crime or felony because it is an act that ""harvests"" harm or wrongdoing.",,,,
بدر,"The sensory origin lies in the physical appearance of the full moon ( بَدْر ) as it emerges complete and luminous in the dark sky, as well as the physical act of rushing toward or reaching a destination prematurely.","1.) ""To emerge suddenly; to occur unexpectedly"" -- usually paired with مِنْ (from). In MSA, it usually describes mistakes, remarks, or signs of behavior.",X,"3.) Asymmetrical: ""To Initiate / To Take the Lead"" -- Rushing swiftly forward to seize an opportunity before it slips away or passes. It usually takes the preposition إِلَى (to/towards) or بِـ (with).",X,X,"6.) Symmetrical: ""To Initiate / To Take the Lead"" -- Multiple thoughts or entities rushing rapidly forward to manifest themselves simultaneously.",X,"8.) Intensive: ""To Rush Toward / To Surprise"" -- similar to m.3, this is intensive label because you are simply executing the action of ""rushing"" or ""initiating"" with maximum speed and force.",X,X,"Keyword: مُبَادَرَة = initiative -- the act of ""emerging"" early to trigger an action or solution.",,,,
رصد,Main idea: preparing or lying in wait to watch someone along their path -- stems from setting an ambush or taking up a strategic position on a trail to track an approaching target.,"1.) ""to observe, keep track of"" -- used for weather tracking, astronomy, security, and news monitoring","2.) Denominative: ""To balance or settle an account"" -- derived directly from the noun رَصِيد (raṣīd), which means ""balance"" or ""credit"" in an account.",X,"4.) Denominative: ""To allocate, earmark, or set aside (funds)"" -- Laying resources in wait along a path specifically prepared for a future goal.","5.) Intensive: ""To lie in wait, stalk, ambush, stake out"" -- the intensive of m.1, Intentionally and continuously watching in order to catch a target; contexts include criminal investigations, paparazzi, etc.",X,X,X,X,X,Keyword: رَصِيد = balance -- funds laid in wait and held in reserve for immediate or future use,,,,
ظلل,"The physical origin relates to the tangible cool patch of shade cast on the ground by a tree, cloud, or wall, protecting what lies beneath it from direct sunlight.","1.) Sister of Kana: ""to remain"" -- Staying continuously under the ongoing shelter or state of an activity over time.","2.) Causative: ""To shade, screen, or highlight (text)"" -- Casting a physical shade over something.",X,"4.) Intensive: ""To overshadow, loom over, or shelter"" -- Spreading shade from above so that an object falls completely within its coverage.","5.) Reflexive: ""to be shaded"" -- Intentionally placing oneself beneath physical shade to escape direct heat or sun.",X,X,X,X,"10.) Seeking: ""to seek refuge / seek shade"" -- Actively looking for and utilizing ""shade"" for protection.",,,,,
خوف,"This root is one of the primary linguistic vehicles for fear, frightening, and intimidation in Arabic.","1.) ""to be scared / be afraid / be frightened""","2.) Causative: ""To intimidate, terrify, or systematically threaten/scare."" -- causing someone to be scared",X,"4.) Causative: ""To scare, frighten, or alarm"" -- in relation to m.2, this is usually situational, rapid, or sudden; A sudden external event or object triggering an immediate reflex of fear in the subject's mind.","5.) State: ""To be scared, harbor deep anxiety, or expect the worst."" -- in contrast to basic m.1, here the subject is in a State of Volatility where they are constantly projecting internal fear.",X,X,X,X,X,,,,,
يسر,"This root denotes openness, lightness, and smooth movement without resistance.","1.) ""To be easy, light, or uncomplicated"" -- Lacking friction or resistance, allowing a process to flow smoothly.","2.) Causative: ""To facilitate, ease, or make accessible""",3.) Rare,"4.) State: ""To become wealthy, prosperous, or well-off"" -- Reaching a state where material strain is cleared away, leaving abundance.","5.) State: ""To become feasible, available, or smoothed out"" -- The State of Spontaneous Feasibility; A path, resource, or situation naturally shedding its friction and smoothly dropping right into your lap.",X,X,X,X,"10.) Declarative: ""to deem or judge something to be easy/feasible."" -- this bypasses the classic ""Seeking"" rule—you aren't begging the universe for ease; your brain is actively classifying a task as simple.","Keyword: اليَسَار = left -- in many cultures, the right hand is designated for formal tasks; The left hand, by contrast, was left completely free to handle mundane, dirty, manual, or highly flexible secondary labor.",,,,
خبر,This root denotes knowledge -- and how it may be gained through contact (speaking/notifying) and/or testing.,"1.) Contextual: ""To Know Well / Be Expert In"" or ""to try, test, or prove by experience"" -- it is less common in casual speech today, but you will often see its nouns  خِبْرَة (experience) and خَبِير (expert).","2.) Causative: ""To inform, notify, or tell"" -- causing someone to gain knowledge by Passing along intimate, verified information about an event or subject to another.","3.) Asymmetrical: ""to contact"" -- similar to m.2, but here you aren't just broadcasting information; you are engaging in communication. You conjugate it with a direct object.","4.) Causative: ""To report, announce, or inform"" -- in relation to m.2, this is more formal; It is a direct transmission of a fact or piece of information. It is clean, precise, and declarative.","5.) Reflexive: ""To seek out news for yourself / to become informed"" -- you are actively making yourself informed.","6.) Symmetrical: ""to communicate with, to correspond with, or to exchange information "" -- It inherently requires a plural subject or the preposition مَعَ (ma'a - with).",X,"8.) Benefactive: ""To test, examine, trial, or experience firsthand."" -- while m.1 may mean a basic test, this is more like you can absorb the knowledge and gain the definitive khibrah (expertise).",X,"10.) Seeking: ""To inquire, ask for information, or investigate."" -- seeking knowledge.",,,,,
هدف,"This root revolves around targets, goals, and aiming -- relates to a tall mound of earth, a high building, or a elevated target (hadaf) set up conspicuously so an archer can see and shoot at it from a distance.","1.) ""To aim at, strive for, or target"" -- Directing one's motion or effort straight toward a clear, prominent mark.","2.) Causative: ""To score a goal"" -- the aiming was good and caused a goal to be scored, target hit.",X,4.) Rare,X,X,X,X,X,"10.) Intensive: ""To Target / To Single Out"" -- to intentionally target, focus on, or single out a specific demographic, location, or objective. Example: targeting customers, targeting a city.",,,,,
عشب,"Ibn Faris notes a single origin: soft, tender green vegetation -- think of short, succulent pasture plants or fresh grass (‘ushb) carpeted over soil, providing grazing material for livestock.","1.) ""To Grow Grass / To Be Grassy""",X,X,"4.) State: ""To Produce Grass / To Flourish"" -- to enter a state of abundance; the most common choice for seasonal blooming.",5.) Rare,X,"7.) Intensive: ""To become densely overgrown with grass"" ",X,X,X,"Keyword: عشب طبي = medicinal herbs -- herbs are the soft, non-woody plant growth covering ground.",,,,
نكس,"As it is used in MSA at this time, ""lowering, sinking, and downward tipping"" captures the core semantic essence perfectly -- although historically dealt with inversion as well, it's rarely used like that IRL.","1.) ""To lower, tilt downward (like a head), or invert."" -- describes physically lowering something or completely flipping an object so its top becomes its bottom.","2.) Intensive: ""To lower to half-mast or hang upside down"" -- Deliberately turning flags or lowering them to signal mourning or defeat.",X,X,"5.) Reflexive: ""To deteriorate, degenerate."" -- the subject is ""lowering"" itself; it is entering a state of gradual decline or deterioration (like a disease slowly eating away at cells). Used in medical and biology.",X,X,"8.) Intensive: ""To suffer a relapse or regress"" -- This is a sudden, total lowering/collapse. You were fine, and then boom—you relapsed. The action is instantaneous, and the resulting negative state is total.",X,X,,,,,
ودى - ودي,"Core concept: an outward flow that settles at a destination -- however, the verbs in MSA have evolved metaphorically; the core noun is وَادِي = valley.","1.) Rare: ""To Pay Blood Money"" -- because paying a fine makes the tribal anger ""flow away"" and smooths over a rift, the verb for paying blood money became wada.",X,X,"4.) State: ""to perish, die, or go to ruin."" -- describes a person being swept away entirely, like an object caught in a flash flood rushing down a valley.",X,X,X,X,X,X,Keyword: وَادِي = valley -- the natural physical channel through which water trickles and flows downward.,,,,
قطط,Ibn Faris denotes a primary principle: cutting or severing something cleanly across its width.,"1.) ""To cut transversely, to trim, to clip, or to sharpen a nib."" -- this verb is actively used in the world of traditional Arabic calligraphy «قَطَّ الخَطَّاطُ قَلَمَهُ»  ""The calligrapher trimmed/sharpened his reed pen.""","2.) Intensive: ""to actively style, treat, or cause hair to become tightly coiled, frizzy, or kinky."" -- Classical Arab lexicographers observed that curly hair looks as though it were sharply trimmed or precisely clipped.",X,X,"5.) Reflexive: ""To become tightly curled or frizzy."" -- used when describing hair texture naturally changing or reacting to something.",X,X,"8.) Reflexive: ""To sever crosswise / to be cut"" -- According to classical lexicons like Lisan al-Arab, this functions both as a synonym to m.1, and as reflexive/passive consequence to m.1",X,X,"Keyword: قِطّ = cat (male) -- traditionally understood by classical lexicographers as a nominal extension of this root, either referring to its short, distinct fur or its sharp, severed-like features.","Keyword: قَطّ = Never / not at all (used with past tense) -- adverb denoting a sharp, definitive boundary in time (""cut off completely"").",,,
كلب,"The core concept is is seizing, gripping tightly, or holding fast with ferocity -- While the most famous word from this root is كَلْب (dog), the animal was actually named after this core concept.","1.) Rare: ""to be hit by rabies, be rabid; to be fiercely intent; to rage."" -- instead of the verb, MSA relies on the noun كَلَب (the disease rabies) or the adjective كَلِب (rabid) combined with a supporting verb.","2.) Denominative: ""To train hunting dogs; to muzzle or bind"" -- Training animals to clamp onto prey, or applying a restrictive constraint.",X,X,X,"6.) Denominative: ""to pounce, rush, fall (علي upon), fight like dogs over something."" -- this is denominative because it doesn't just mean ""to dog each other."" It specifically mimics a behavioral trait of a dog pack.",X,X,X,"10.) State: ""To become rabid; to be fiercely aggressive"" -- this is reaching a state of frantic, unyielding hostility like a rabid animal.","Keyword: كَلْب = dog -- the canine animal, named for its characteristic biting clamp and latching grip.",,,,
قلب,"Its core concept is turning something over, flipping, reversing, or transforming.","1.) ""To flip, turn upside down, invert, or overthrow."" -- The Direct Action; Transitive (takes an object); Extremely common in daily life, politics, and technology.","2.) Intensive: ""To flip"" -- Used when you are not just flipping something once, but toggling, browsing, or examining it thoroughly by turning it over and over. Example: flipping through phone, weighing options, etc.",X,X,"5.) State: ""To fluctuate, shift constantly, or toss and turn"" -- The stock market isn't ""flipping itself""—it is in a state of fluctuation; The weather isn't ""turning itself upside down""—it is in an unstable state.",X,"7.) Passive: ""To be overturned, capsize, or backfire."" -- Experiencing a sudden, complete reversal of direction, status, or alignment; This is the standard word used for physical accidents or sudden political events.",X,X,X,"Keyword: قَلْب = heart -- the heart is constantly pumping/turning blood, and human emotions are famously unstable, constantly ""flipping"" from one state to another.","Keyword: انْقِلَاب = Coup d'état (a sudden, illegal overthrow of an existing government by a small group, usually using parts of the military or police) -- the established government is turned upside down.",,,
